main,key,origin_code,code_nm,type,size,gap_size,mean,median,min,max,stdev
,EN01174011,1174011,기업결합금액,amount,small,,3803.276685,3819,1652,5936,1646.848822
,S430000100O0,S430000100,"액면가(원,US센트)",amount,small,,1324.365578,500,0,5000,1710.873023
,EN02703021,2703021,개인채권발행금액,amount,small,,2462.421453,1959,1644,3967,868.7034875
,EN01067011,1067011,외환보유액,amount,small,,3684.922371,3680,3465,3893,138.1106819
,I310020532O0,I310020532,순매수대금(기타금융)(백만원),amount,small,,-28.78704432,-7,-2761,2242,533.6330638
,EN01094012,1094012,총여신,amount,small,,1641.253475,1664.3,1441.6,1775.9,120.5347598
,EN01144012,1144012,원자재_에틸렌,amount,small,,1220.234411,1194,1094.23,1419.28,124.7275648
,I310021231O0,I310021231,순매수수량(기관/외국인계)(천주),amount,small,,19.16050354,49,-2835,1284,485.7252417
M116,EN00107501,107501,어음부도업체수,amount,small,,711.7060058,720,494,1001,184.8725956
,I310020931O0,I310020931,순매수수량(등록외국인)(천주),amount,small,,13.20285864,10,-3253,931,426.0855686
,EN01144011,1144011,원자재_나프타,amount,small,,626.0448597,497,400.03,926.15,212.1083074
,I310021131O0,I310021131,순매수수량(외국인계)(천주),amount,small,,19.2368214,18,-3240,916,427.9486993
M117,EN01143011,1143011,원자재_열연,amount,small,,637.5958563,677,466,718,93.41397112
M116,EN01182011,1182011,부도법인수,amount,small,,525.7317073,516,393,705,114.4666059
,EN02703011,2703011,국채발행금액,amount,small,,547.7705219,545,453,617,64.5556707
M117,EN01143012,1143012,원자재_철수입,amount,small,,339.0062943,352,267,406,57.22469378
,I310023131O0,I310023131,순매수수량(사모펀드)(천주),amount,small,,3.617755049,1,-163,346,68.32590016
,EN02703012,2703012,회사채발행금액,amount,small,,270.8263834,269,267,279,4.448884024
,EN01219012,1219012,건설투자동향,amount,small,,219.3901915,211.5,196.3,251.1,21.35641724
,I310024131O0,I310024131,순매수수량(국가)(천주),amount,small,,6.144112248,3,-178,242,42.73621451
,EN01144013,1144013,원자재_두바이원유,amount,small,,68.25120378,53.1,41.36,105.33,25.78126131
,EN01081011,1081011,일반회사채발행규모,amount,small,,35.90820876,41,24,42,7.183224057
,BKMKBOK041,MKBOK041,수출-수입액(한국),amount,small,,16.25305009,15.4475,14.18,18.955,1.807712637
,P6000909041O0,P6000909041,"배당금지급(영업,투자,재무)(억원)",amount,small,,-4414.825551,-2010.895021,-69107.84878,0,7753.834498
M008,6000904001D3,6000904001,매출액(천원)_연속감소,count,,,0.605635739,0,0,3,0.89746255
M118,DR00000005,5,y1_매매거래정지,count,,,0.044846577,0,0,4,0.256226544
,DR00000006,6,y1_횡령및배임,count,,,0.002491477,0,0,1,0.049852473
,DR00000007,7,y1_회생절차폐지,count,,,0,0,0,0,0
,DR00000008,8,y1_회생절차,count,,,0.001835825,0,0,1,0.042807179
,DR00000009,9,y1_회사분할합병,count,,,0.059402046,0,0,3,0.245091031
,DR00000010,10,y1_현저한시황변동_급락,count,,,0.006949908,0,0,2,0.087683459
,DR00000011,11,y1_현저한시황변동_급등,count,,,0.064647259,0,0,3,0.274143374
,DR00000012,12,y1_현저한시황변동,count,,,0.161814844,0,0,9,0.482355942
,DR00000013,13,y1_해산사유발생,count,,,0.000655652,0,0,1,0.025597301
,DR00000014,14,y1_풍문또는보도,count,,,0.037241018,0,0,5,0.214056138
,DR00000015,15,y1_풋백옵션계약,count,,,0.002098085,0,0,1,0.045756787
,DR00000016,16,y1_투자자보호관련,count,,,0,0,0,0,0
,DR00000017,17,y1_타인담보결정,count,,,0,0,0,0,0
M113,DR00000018,18,y1_타법인주식및출자증권양도,count,,,0.023603462,0,0,4,0.177309561
,DR00000019,19,y1_최대주주변동,count,,,0.838971938,0,0,12,1.924835187
,DR00000020,20,y1_채무인수,count,,,0,0,0,0,0
,DR00000021,21,y1_채무보증,count,,,0,0,0,0,0
,DR00000022,22,y1_채무면제,count,,,0,0,0,0,0
,DR00000023,23,y1_조건부자본발행,count,,,0,0,0,0,0
,DR00000024,24,y1_자산및영업양수도,count,,,0.096380803,0,0,6,0.336237047
,DR00000025,25,y1_자사주취득해지,count,,,0.076973512,0,0,4,0.316479899
,DR00000026,26,y1_자사주취득,count,,,0.153291372,0,0,8,0.490641822
,DR00000027,27,y1_자기주식처분,count,,,0.156045109,0,0,12,0.607487411
M119,DR00000028,28,y1_유상증자,count,,,0.150931025,0,0,6,0.508423458
,DR00000029,29,y1_유무상증자,count,,,0.00367165,0,0,1,0.060482796
,DR00000030,30,y1_위험기업우려,count,,,0.016784684,0,0,5,0.181728869
,DR00000031,31,y1_위법사유발생,count,,,0.000262261,0,0,1,0.016192341
,DR00000032,32,y1_영업정지,count,,,0.005769735,0,0,2,0.082374074
,DR00000033,33,y1_업종변경,count,,,0.00380278,0,0,1,0.06154932
,DR00000034,34,y1_심사위원회속개,count,,,0.001704694,0,0,2,0.047183788
,DR00000035,35,y1_소송등의제기,count,,,0.009965906,0,0,4,0.137052728
,DR00000036,36,y1_상장폐지이의신청,count,,,0.002491477,0,0,1,0.049852473
,DR00000037,37,y1_사외이사변경에관한신고,count,,,0.506425387,0,0,7,0.661419009
M120,DR00000038,38,y1_불성실공시,count,,,0.055205875,0,0,6,0.326260859
,DR00000039,39,y1_무상증자,count,,,0.026488329,0,0,2,0.164614705
M121,DR00000040,40,y1_메자닌채권발행,count,,,0.165617624,0,0,7,0.535621355
,DR00000041,41,y1_공개매수,count,,,0.002884868,0,0,2,0.062654512
,DR00000042,42,y1_경영위임해지,count,,,0,0,0,0,0
,DR00000043,43,y1_경영위임,count,,,0,0,0,0,0
,DR00000044,44,y1_개선기간부여,count,,,0.002229216,0,0,1,0.047161917
,DR00000045,45,y1_감자,count,,,0.013768686,0,0,2,0.119857797
,DR00000046,46,y1_보증및출자법인파산,count,,,0.005638605,0,0,4,0.102906579
,DR00000047,47,y1_감사위원중도퇴임,count,,,0.075399948,0,0,3,0.280413371
M112,DR00000048,48,y1_소액공모,count,,,0.030291109,0,0,2,0.180334928
,DR00000049,49,y1_주주총회소집,count,,,1.141883032,1,0,6,0.519042391
,DR00000050,50,y1_지정자문인계약해지,count,,,0,0,0,0,0
,DR00000051,51,y1_손익구조급변동,count,,,0.80907422,1,0,2,0.396022061
M111,DR00000052,52,y1_대표이사변경,count,,,0.147915028,0,0,4,0.438919567
,DR00000053,53,y1_금전대여,count,,,0.035536323,0,0,5,0.231124475
M122,DR00000054,54,y1_투자주의,count,,,0.481117231,0,0,9,0.992482951
,DR00000055,55,y1_원리금연체,count,,,0.005769735,0,0,4,0.096995334
M123,DR00000056,56,y1_추가상장,count,,,0.683451351,0,0,12,1.418650432
,DR00000057,57,y1_유동성공급계약해지,count,,,0.00380278,0,0,1,0.06154932
,DR00000058,58,y1_상호변경,count,,,0.05337005,0,0,4,0.311354829
M118,DR00000059,59,y2_매매거래정지,count,,,0.084316811,0,0,5,0.363345524
,DR00000060,60,y2_횡령및배임,count,,,0.004458432,0,0,1,0.066622474
,DR00000061,61,y2_회생절차폐지,count,,,0,0,0,0,0
,DR00000062,62,y2_회생절차,count,,,0.00393391,0,0,1,0.062597401
,DR00000063,63,y2_회사분할합병,count,,,0.117755049,0,0,4,0.359986589
,DR00000064,64,y2_현저한시황변동_급락,count,,,0.014030947,0,0,2,0.125179488
,DR00000065,65,y2_현저한시황변동_급등,count,,,0.131785995,0,0,5,0.422075578
,DR00000066,66,y2_현저한시황변동,count,,,0.296616837,0,0,13,0.686600683
,DR00000067,67,y2_해산사유발생,count,,,0.001704694,0,0,2,0.047183788
,DR00000068,68,y2_풍문또는보도,count,,,0.076580121,0,0,5,0.325761874
,DR00000069,69,y2_풋백옵션계약,count,,,0.004196171,0,0,2,0.066639507
,DR00000070,70,y2_투자자보호관련,count,,,0,0,0,0,0
,DR00000071,71,y2_타인담보결정,count,,,0,0,0,0,0
M113,DR00000072,72,y2_타법인주식및출자증권양도,count,,,0.036191975,0,0,5,0.235798028
,DR00000073,73,y2_최대주주변동,count,,,1.714922633,0,0,24,3.672828938
,DR00000074,74,y2_채무인수,count,,,0,0,0,0,0
,DR00000075,75,y2_채무보증,count,,,0.00013113,0,0,1,0.011450465
,DR00000076,76,y2_채무면제,count,,,0,0,0,0,0
,DR00000077,77,y2_조건부자본발행,count,,,0,0,0,0,0
,DR00000078,78,y2_자산및영업양수도,count,,,0.191188041,0,0,9,0.498785285
,DR00000079,79,y2_자사주취득해지,count,,,0.154471545,0,0,7,0.49625301
,DR00000080,80,y2_자사주취득,count,,,0.307369525,0,0,10,0.781500456
,DR00000081,81,y2_자기주식처분,count,,,0.320351429,0,0,22,1.116148863
M119,DR00000082,82,y2_유상증자,count,,,0.285601888,0,0,11,0.847850918
,DR00000083,83,y2_유무상증자,count,,,0.007343299,0,0,1,0.085377838
,DR00000084,84,y2_위험기업우려,count,,,0.0306845,0,0,7,0.26777728
,DR00000085,85,y2_위법사유발생,count,,,0.000393391,0,0,1,0.019830186
,DR00000086,86,y2_영업정지,count,,,0.011014949,0,0,2,0.116259308
,DR00000087,87,y2_업종변경,count,,,0.00380278,0,0,1,0.06154932
,DR00000088,88,y2_심사위원회속개,count,,,0.003147128,0,0,3,0.06863518
,DR00000089,89,y2_소송등의제기,count,,,0.019407291,0,0,5,0.211499871
,DR00000090,90,y2_상장폐지이의신청,count,,,0.00367165,0,0,2,0.064673719
,DR00000091,91,y2_사외이사변경에관한신고,count,,,0.977576711,1,0,11,1.019297518
M120,DR00000092,92,y2_불성실공시,count,,,0.10700236,0,0,7,0.47140722
,DR00000093,93,y2_무상증자,count,,,0.054287962,0,0,3,0.256447104
M121,DR00000094,94,y2_메자닌채권발행,count,,,0.313270391,0,0,10,0.850833583
,DR00000095,95,y2_공개매수,count,,,0.006818778,0,0,2,0.089908762
,DR00000096,96,y2_경영위임해지,count,,,0,0,0,0,0
,DR00000097,97,y2_경영위임,count,,,0,0,0,0,0
,DR00000098,98,y2_개선기간부여,count,,,0.003147128,0,0,2,0.060512356
,DR00000099,99,y2_감자,count,,,0.023734592,0,0,3,0.162229435
,DR00000100,100,y2_보증및출자법인파산,count,,,0.011146079,0,0,5,0.165964657
,DR00000101,101,y2_감사위원중도퇴임,count,,,0.180041962,0,0,4,0.454283224
M112,DR00000102,102,y2_소액공모,count,,,0.057959612,0,0,4,0.301317557
,DR00000103,103,y2_주주총회소집,count,,,2.26724364,2,0,9,0.842840403
,DR00000104,104,y2_지정자문인계약해지,count,,,0.00013113,0,0,1,0.011450465
,DR00000105,105,y2_손익구조급변동,count,,,1.604904275,2,0,3,0.640508643
M111,DR00000106,106,y2_대표이사변경,count,,,0.284159454,0,0,6,0.687952837
,DR00000107,107,y2_금전대여,count,,,0.065958563,0,0,8,0.352917265
M122,DR00000108,108,y2_투자주의,count,,,1.014162077,0,0,15,1.648596129
,DR00000109,109,y2_원리금연체,count,,,0.010228167,0,0,4,0.127104474
M123,DR00000110,110,y2_추가상장,count,,,1.342119066,0,0,24,2.483948242
,DR00000111,111,y2_유동성공급계약해지,count,,,0.007867821,0,0,2,0.089823041
,DR00000112,112,y2_상호변경,count,,,0.104379753,0,0,5,0.451258362
M118,DR00000113,113,y3_매매거래정지,count,,,0.124704957,0,0,6,0.464925791
,DR00000114,114,y3_횡령및배임,count,,,0.006163126,0,0,1,0.078263287
,DR00000115,115,y3_회생절차폐지,count,,,0,0,0,0,0
,DR00000116,116,y3_회생절차,count,,,0.004982953,0,0,2,0.072252224
,DR00000117,117,y3_회사분할합병,count,,,0.172043011,0,0,5,0.453196181
,DR00000118,118,y3_현저한시황변동_급락,count,,,0.021111985,0,0,2,0.154315902
,DR00000119,119,y3_현저한시황변동_급등,count,,,0.1944663,0,0,5,0.540590356
,DR00000120,120,y3_현저한시황변동,count,,,0.391424076,0,0,15,0.813326514
,DR00000121,121,y3_해산사유발생,count,,,0.003015998,0,0,3,0.069589701
,DR00000122,122,y3_풍문또는보도,count,,,0.112640965,0,0,5,0.408447614
,DR00000123,123,y3_풋백옵션계약,count,,,0.006556517,0,0,2,0.085441859
,DR00000124,124,y3_투자자보호관련,count,,,0,0,0,0,0
,DR00000125,125,y3_타인담보결정,count,,,0,0,0,0,0
M113,DR00000126,126,y3_타법인주식및출자증권양도,count,,,0.037634409,0,0,5,0.242970656
,DR00000127,127,y3_최대주주변동,count,,,2.639784946,0,0,36,5.399603307
,DR00000128,128,y3_채무인수,count,,,0,0,0,0,0
,DR00000129,129,y3_채무보증,count,,,0.000786782,0,0,2,0.032379372
,DR00000130,130,y3_채무면제,count,,,0,0,0,0,0
,DR00000131,131,y3_조건부자본발행,count,,,0,0,0,0,0
,DR00000132,132,y3_자산및영업양수도,count,,,0.286650931,0,0,10,0.631312192
,DR00000133,133,y3_자사주취득해지,count,,,0.230396014,0,0,9,0.644551312
,DR00000134,134,y3_자사주취득,count,,,0.469840021,0,0,12,1.036418109
,DR00000135,135,y3_자기주식처분,count,,,0.485182271,0,0,32,1.601075956
M119,DR00000136,136,y3_유상증자,count,,,0.394964595,0,0,16,1.10029242
,DR00000137,137,y3_유무상증자,count,,,0.010752688,0,0,1,0.103136162
,DR00000138,138,y3_위험기업우려,count,,,0.041699449,0,0,7,0.312082835
,DR00000139,139,y3_위법사유발생,count,,,0.000524521,0,0,1,0.022896424
,DR00000140,140,y3_영업정지,count,,,0.015735641,0,0,2,0.138418497
,DR00000141,141,y3_업종변경,count,,,0.00380278,0,0,1,0.06154932
,DR00000142,142,y3_심사위원회속개,count,,,0.004458432,0,0,3,0.085576992
,DR00000143,143,y3_소송등의제기,count,,,0.0306845,0,0,6,0.280220359
,DR00000144,144,y3_상장폐지이의신청,count,,,0.004327301,0,0,2,0.06952048
,DR00000145,145,y3_사외이사변경에관한신고,count,,,1.398242853,1,0,13,1.330389639
M120,DR00000146,146,y3_불성실공시,count,,,0.155782848,0,0,9,0.577909857
,DR00000147,147,y3_무상증자,count,,,0.083661159,0,0,4,0.345558188
M121,DR00000148,148,y3_메자닌채권발행,count,,,0.435746132,0,0,10,1.061757792
,DR00000149,149,y3_공개매수,count,,,0.010883819,0,0,2,0.111080714
,DR00000150,150,y3_경영위임해지,count,,,0,0,0,0,0
,DR00000151,151,y3_경영위임,count,,,0,0,0,0,0
,DR00000152,152,y3_개선기간부여,count,,,0.00367165,0,0,2,0.064673719
,DR00000153,153,y3_감자,count,,,0.034093889,0,0,6,0.207749038
,DR00000154,154,y3_보증및출자법인파산,count,,,0.014686598,0,0,6,0.195797408
,DR00000155,155,y3_감사위원중도퇴임,count,,,0.30933648,0,0,5,0.610820694
M112,DR00000156,156,y3_소액공모,count,,,0.085103593,0,0,6,0.422884542
,DR00000157,157,y3_주주총회소집,count,,,3.344086022,3,0,13,1.143237353
,DR00000158,158,y3_지정자문인계약해지,count,,,0.000524521,0,0,1,0.022896424
,DR00000159,159,y3_손익구조급변동,count,,,2.377393129,3,0,4,0.869528344
M111,DR00000160,160,y3_대표이사변경,count,,,0.407159717,0,0,8,0.894718093
,DR00000161,161,y3_금전대여,count,,,0.091004458,0,0,10,0.440066947
M122,DR00000162,162,y3_투자주의,count,,,1.554419093,1,0,18,2.229311332
,DR00000163,163,y3_원리금연체,count,,,0.014424338,0,0,4,0.147722159
M123,DR00000164,164,y3_추가상장,count,,,1.951350643,0,0,35,3.395530746
,DR00000165,165,y3_유동성공급계약해지,count,,,0.012326252,0,0,2,0.117251354
,DR00000166,166,y3_상호변경,count,,,0.14896407,0,0,7,0.550466128
,3001403004J0,3001403004,순운전자본증가율(전년동기)(%)_증감,rate,,,0.01779701,0,-5149.13,5147.37,118.1742775
,6000909101J1,6000909101,영업활동으로인한현금흐름(평균)(천원)_증감,rate,,,0.024923107,-0.040239479,-1199.86794,3037.10653,39.98665257
,6000102001J1,6000102001,부채비율(%)_증감,rate,,,5.968600839,-0.99,-82374.23,79727.15,1539.465051
,6000103007J1,6000103007,총자산/총자본(%)_증감,rate,,,5.968600839,-0.99,-82374.23,79727.15,1539.465051
,3001104004J0,3001104004,이자보상배율(배)_증감,rate,,,462.2470102,0,-10350292.08,5562017,148143.7632
,3001104004J1,3001104004,이자보상배율(배)_증감,rate,,,462.2470102,0,-10350292.08,5562017,148143.7632
,6000701032J1,6000701032,EBITDA(천원)_증감,rate,,,159.5580535,-1.356679945,-167459.2152,1669225.328,19298.20212
,6000901071J1,6000901071,일반사채(천원)_증감,rate,,,0.726626257,0,-100,6549.392455,102.6363624
,6000601003J1,6000601003,수정EPS(원)_증감,rate,,,770.7077037,-17.78006332,-260664.6154,6303835,72277.81313
M059,6000908001J1,6000908001,당기순이익(천원)_증감,rate,,,273.3735773,-14.99846917,-321992.0115,2235188.012,26319.55334
,6000901070J1,6000901070,사채(천원)_증감,rate,,,4068.638199,0,-100,31018576.19,355177.1365
,6000901015J1,6000901015,관계기업등지분관련투자자산(천원)_증감,rate,,,2651.265226,0,-100,19814376,226888.3881
,6000901019J1,6000901019,*총금융자산(천원)_증감,rate,,,2515.304187,2.155689468,-100,17519600,200665.6523
,6000901042J1,6000901042,건설중인자산(천원)_증감,rate,,,3479.36896,0,-100,21708623.53,248987.1993
,6000903009J1,6000903009,*유보액(천원)_증감,rate,,,16.45543242,5.439561716,-26253.40489,99129.19449,1246.363621
,6000204025O0,6000204025,EBITDA증가율(전년동기)(%),rate,,,321.1685531,5.15,-100,1669225.33,21439.47132
,6000208013O0,6000208013,EBITDAPS증가율(전년동기)(%),rate,,,275.9752472,3.265,-100,1427930.85,18343.23665
,6000906020J1,6000906020,이자비용(비영업)(천원)_증감,rate,,,1036.067276,-5.201723122,-511.2412643,4749392.593,56385.33694
,6000403002J1,6000403002,자본금회전율(회)_증감,rate,,,0.652554419,0.07,-2440.35,2853.68,52.82959526
,6000208048O0,6000208048,"EPS증가율(보통주,전년동기)(%)",rate,,,1494.349812,3.095,-99.59,6452059.34,94775.50398
,6000208001O0,6000208001,EPS증가율(전년동기)(%),rate,,,1496.907456,3.11,-99.59,6452059.34,94765.53833
M020,6000904001D5,6000904001,영업자산회전율,rate,,,221.1908404,6.549730644,0,807836.0757,9768.228813
,6000701061J1,6000701061,수정PBR(배)_증감,rate,,,0.123054026,0,-118.16,395.99,5.316376236
,6000701068J1,6000701068,수정PSR(배)_증감,rate,,,0.26472856,0.01,-754.97,827.73,16.2720323
,6000105004O0,6000105004,현금흐름/영업수익(%),rate,,,2.242168896,5.93,-4452.36,6582.78,120.0629608
,6000705001J1,6000705001,"배당금(보통주,현금+주식)(천원)_증감",rate,,,7.584919086,0,-100,20177.44847,248.0962058
M067,6000909041D1,6000909041,배당성향,rate,,,0.249344158,0.01400392,-62.82340726,649.6222967,7.759529307
,6000991010J1,6000991010,투자부동산(천원)_증감,rate,,,37.13027977,0,-100,90363.47833,1246.478375
,1001113580J1,1001113580,매출채권(천원)_증감,rate,,,29.06978558,0.925233539,-100,69548.77966,890.5713502
M039,6000908001D3,6000908001,당기순이익/총자산(천원),rate,,,0.001701778,0.024254636,-4.120601632,4.076214315,0.180104963
M014,3001104004D1,3001104004,이자보상배율(배)_평균3년,rate,,,4911.64879,7.07,0.01,10350292.08,162517.7377
M034,6000701032D2,6000701032,EBITDA/이자비용(천원),rate,,,1454.895912,8.30972777,-3105471.1,2930859.7,61180.42317
M013,3001104004O0,3001104004,이자보상배율(배),rate,,,2990.865427,5.31,0,5562017,99091.90698
,6000903016J1,6000903016,이익잉여금(천원)_증감,rate,,,11.4099375,7.054347757,-15624.65602,20935.10321,514.1666162
,3001104004D2,3001104004,이자보상배율(배)_변동성3년,rate,,,2136.936701,1.607675627,0,3718840.175,65720.62153
,6000204028O0,6000204028,*조정영업이익증가율(전년동기)(%),rate,,,76.09542717,4.735,-100,116066.34,1652.349668
,6000204001O0,6000204001,영업이익증가율(전년동기)(%),rate,,,76.26772616,4.67,-100,116066.34,1652.02578
,6000208019O0,6000208019,CFPS증가율(전년동기)(%),rate,,,135.0587384,3.4,-99.98,197331.82,3644.643314
,3001212005O0,3001212005,순운전자본증가율(전년동기)(%),rate,,,64.80794881,1.25,-99.76,87838.28,1386.599592
M018,6000906020D3,6000906020,이자비용(비영업)/순차입부채(천원),rate,,,0.016242363,0.030696206,-41.53020348,23.30513484,0.825012366
,6000201008O0,6000201008,매출총이익증가율(전년동기)(%),rate,,,45.72999031,4.52,-100,61225.01,912.256301
,6000612005J1,6000612005,"수정DPS(보통주,현금+주식)(원)_증감",rate,,,4.805746062,0,-100,6406.493506,106.610052
,6000906009J1,6000906009,이자수익(비영업)(천원)_증감,rate,,,51.02596447,-8.33416224,-100,66176.78571,1144.080694
,6000208023O0,6000208023,SPS증가율(전년동기)(%),rate,,,5.994954104,1.33,-100,7548.48,104.7119563
,6000601032J1,6000601032,수정SPS(원)_증감,rate,,,6.008630419,1.33705152,-100,7548.701947,104.7170465
M097,6000904001D9,6000904001,경영자산회전율,rate,,,2.048410581,1.561806474,-2541.544246,1981.638418,42.75442403
M063,S430000100D1,S430000100,수정주가(20일평균)/액면가,rate,,,109.1474033,9.762,0.034,105096,2165.350193
,6000203022O0,6000203022,당기순이익증가율(전년동기)(%),rate,,,141.7172767,4.74,-99.99,114192.14,2153.347424
,6000103004J1,6000103004,유보율(%)_증감,rate,,,71.85270915,25.58,-54501.04,55344.93,1106.641704
,6000103006J1,6000103006,유보액/총자산(%)_증감,rate,,,0.066904013,0.21,-70.57,71.34,7.89111027
M110,ETFXUSD,FXUSD,주요국환율증감_미국(%),rate,,Y,-0.018592352,3.114334471,-11.34464212,6.622998544,6.532647524
,6000706025J1,6000706025,"배당률(보통주,현금+주식)(%)_증감",rate,,,2.018381852,0,-763,1450,32.83719542
,6000908001D6,6000908001,산업대비수익비율,rate,,,0.034062835,0.002448478,-13.27252492,23.67424336,0.533997437
M084,6000902001D3,6000902001,총부채/총자본(천원),rate,,,1.266288493,0.731401431,-665.9569042,845.1024336,14.64257311
M045,6000102001O0,6000102001,부채비율(%),rate,,,141.1802201,73.66,1.55,84510.24,1246.178003
,6000601036J1,6000601036,수정BPS(원)_증감,rate,,,2.810213918,3.916720707,-1593.003594,1637.935636,52.62889151
,I31000180FO0,I31000180F,수익률 (6개월)(%),rate,,,0.208373984,-0.88,-38.21,154.25,14.94377054
,6000906072J1,6000906072,영업수익(천원)_증감,rate,,,10.18762288,3.045327694,-100,5604.367972,92.58563233
,6000201009O0,6000201009,영업수익증가율(전년동기)(%),rate,,,10.18765408,3.045,-100,5604.37,92.58566505
,6000904001J1,6000904001,매출액(천원)_증감,rate,,,10.19116958,3.043939116,-100,5604.367972,92.58782224
M071,6000201001O0,6000201001,매출액증가율(전년동기)(%),rate,,,10.19120115,3.04,-100,5604.37,92.58785481
,6000901045J1,6000901045,*단기유동성(천원)_증감,rate,,,64.54900071,5.87935682,-99.85053388,35624.1791,764.4113918
M073,6000908001D4,6000908001,시장자산순수익률,rate,,,0.013109928,0.032600725,-9.184029193,7.478948371,0.285047848
,6000701068O0,6000701068,수정PSR(배),rate,,,2.377167585,0.75,0,1176.81,20.31339388
,6000305009O0,6000305009,EBITDA마진율(%),rate,,,5.279274849,7.48,-4703.78,2467.84,81.16292054
M100,6000901002J1,6000901002,유동자산(천원)_증감,rate,,,10.47233728,3.948311801,-98.13206318,4148.145449,77.01319734
M090,6000902003J1,6000902003,유동부채(천원)_증감,rate,,,19.53268611,2.959358763,-98.62378157,7744.939737,151.6054248
,6000901013J1,6000901013,비유동자산(천원)_증감,rate,,,13.73767157,2.589400875,-99.47240874,5267.656013,96.02072758
,6000903001J1,6000903001,총자본(천원)_증감,rate,,,9.285163267,5.29236265,-4875.001104,3595.946656,100.9662703
,6000103007O0,6000103007,총자산/총자본(%),rate,,,241.1802201,173.66,101.55,84610.24,1246.178003
M076,S430000600D1,S430000600,시장대비규모비율,rate,,,0.000567829,7.58163E-05,2.6463E-06,0.201737616,0.004996125
,6000901005J1,6000901005,당좌자산(천원)_증감,rate,,,12.51800009,4.302571374,-98.53346047,4142.055709,81.67324954
M088,6000904001D8,6000904001,매출액/총자본(천원),rate,,,2.095250318,1.45265431,-453.0525542,679.3458801,11.26418862
,6000208027O0,6000208027,BPS증가율(전년동기)(%),rate,,,5.049009914,4.02,-99.85,1637.95,36.92848842
,3001403004O0,3001403004,순운전자본회전율(회),rate,,,16.3600437,5.18,0,5219.32,105.7354243
,6000306003O0,6000306003,ROA(당기순이익)(%),rate,,,0.722411487,2.49,-318.88,252.03,14.18906208
M089,6000207003O0,6000207003,총자본증가율(전년동기)(%),rate,,,12.29001984,5.43,-99.85,3595.95,74.70328118
,P6000204025O0,P6000204025,EBITDA증가율(전년동기)(%),rate,,,39.05071237,6.06,-98.54,11687.72,441.2448031
,6000206001O0,6000206001,총부채증가율(전년동기)(%),rate,,,16.52381589,1.94,-98.13,4565.25,127.7914193
,6000902001J1,6000902001,총부채(천원)_증감,rate,,,16.52391124,1.938627689,-98.12773727,4565.245166,127.7914204
,3001701029J1,3001701029,EV(천원)_증감,rate,,,0.206001224,0.037651373,-1,50.76339908,1.071169099
,6000701061O0,6000701061,수정PBR(배),rate,,,1.825476943,1.125,0.04,396.83,5.284709298
,6000103001J1,6000103001,자기자본비율(%)_증감,rate,,,0.297237084,0.4,-66.53,87.36,8.732007897
,6000904001DA,6000904001,산업대비매출액비율,rate,,,0.037317759,0.005926297,0,8.055052122,0.176514404
,6000403002O0,6000403002,자본금회전율(회),rate,,,29.11173748,13.42,0,6064.11,113.3829797
,6000901001J1,6000901001,총자산(천원)_증감,rate,,,8.477132086,3.886717494,-96.21001466,1720.861105,42.78895097
M072,6000205001O0,6000205001,총자산증가율(전년동기)(%),rate,,,8.477143981,3.885,-96.21,1720.86,42.78895724
,6000307007O0,6000307007,자기자본현금흐름률(%),rate,,,5.707066807,10.26,-1523.34,1201.18,46.11820866
,P6000204001O0,P6000204001,영업이익증가율(전년동기)(%),rate,,,44.99665579,6.74,-98.51,9064.64,300.8869893
M036,6000901002D2,6000901002,유동자산/유동부채(천원),rate,,,2.568743416,1.56616612,0.040849003,426.8771529,6.12885996
,3001111005J0,3001111005,순운전자본회전율(회)_증감,rate,,,0.430170469,0,-124.06,95.76,10.08227459
,6000204003O0,6000204003,영업이익증가율(3년평균)(%),rate,,,9.261500856,1.82,-100,1467.89,52.54510188
,6000205032O0,6000205032,총자본증가율(3년평균)(%),rate,,,8.244873117,5.965,-86.91,1076.61,23.04323054
M091,6000906020D4,6000906020,이자비용/매출액(천원),rate,,,0.017297882,0.007379363,-0.003396527,2.167903978,0.046091394
,S41000210FO0,S41000210F,수익률 (12개월)(%),rate,,,15.34503147,2.175,-95.07,1960,65.17020978
,S41B0M5004O0,S41B0M5004,"알파 (M,5Yr)",rate,,,0.000753186,0.00193,-0.10759,0.12769,0.015981892
,6000201003O0,6000201003,매출액증가율(3년평균)(%),rate,,,5.151564385,3.18,-100,571.37,23.25435173
,P6000208019O0,P6000208019,CFPS증가율(전년동기)(%),rate,,,40.65529838,1.08,-95.64,4291.13,211.961864
,BKBB012,BB012,신용위험_대기업_증감,rate,,Y,-0.185368476,3.12,-13.33,10.83,8.940258599
,6000208015O0,6000208015,EBITDAPS증가율(3년평균)(%),rate,,,4.691444353,1.4,-100,494.58,34.45851889
,6000208003O0,6000208003,EPS증가율(3년평균)(%),rate,,,7.967631982,0.32,-94.6,816.51,51.41062095
M110,ETFXHKD,FXHKD,주요국환율증감_홍콩(%),rate,,Y,-0.179939212,3.055353482,-12.03876019,6.711362032,6.806586634
,6000706025O0,6000706025,"배당률(보통주,현금+주식)(%)",rate,,,23.88502229,6,0,2000,87.06633923
,6000211005O0,6000211005,당기순이익증가율(3년평균)(%),rate,,,11.617535,2.19,-89.54,992.07,58.30912928
,6000103004O0,6000103004,유보율(%),rate,,,1650.877999,866.42,0.02,127798.64,4022.129084
,EN2716011J,2716011J,노동생산성지수_증감,rate,,Y,-0.085077367,-1.4,-3.6,3.4,2.993544979
,P6000208001O0,P6000208001,EPS증가율(전년동기)(%),rate,,,127.2794055,3.46,-95.2,11086.31,949.8205558
,P6000205014O0,P6000205014,유형자산증가율(전년동기)(%),rate,,,19.56106609,6.62,-95.65,1554.58,113.6501886
,P6000208027O0,P6000208027,BPS증가율(전년동기)(%),rate,,,11.32410176,3.59,-95.62,919.13,75.91107501
,6000105010O0,6000105010,현금흐름/총자본(%),rate,,,4.942656209,9.61,-1523.34,431.73,43.70824296
,S41B0M3004O0,S41B0M3004,"알파 (M,3Yr)",rate,,,0.001191261,0.001415,-0.11912,0.12769,0.019752585
,P6000206006O0,P6000206006,총차입부채증가율(전년동기)(%),rate,,,15.41060451,3.21,-96.74,1190.84,102.5011213
,6000105003O0,6000105003,현금흐름/총자산(%),rate,,,3.953355625,5.355,-311.25,259.34,14.09243695
,P6000206001O0,P6000206001,총부채증가율(전년동기)(%),rate,,,14.28030947,4.13,-93.8,1007.36,77.50427022
,6000204048O0,6000204048,EBITDA증가율(3년평균)(%),rate,,,7.648806265,3.37,-100,520.49,36.51447992
,P6000208023O0,P6000208023,SPS증가율(전년동기)(%),rate,,,5.546964333,-0.14,-95.96,427.59,44.45262945
,6000306015O0,6000306015,"ROA(당기순이익,3년평균)(%)",rate,,,1.149181747,2.49,-120.86,89.16,9.840045276
,P6000203022O0,P6000203022,당기순이익증가율(전년동기)(%),rate,,,141.9444986,10.37,-97.64,9686.48,874.4723755
M061,S41000660FD1,S41000660F,거래량/주식수,rate,,,0.014972367,0.0075941,0,0.822512885,0.026355612
M074,6000902001D2,6000902001,시장부채비율,rate,,,0.809200864,0.532960025,0.001305914,44.10904216,1.403618741
,P6000201009O0,P6000201009,영업수익증가율(전년동기)(%),rate,,,11.76576056,5.43,-89.82,635.88,52.23982311
,P6000201001O0,P6000201001,매출액증가율(전년동기)(%),rate,,,11.77278652,5.43,-89.82,635.88,52.24861424
M126,S430000600D2,S430000600,산업대비규모비율,rate,,,3.378217331,0.585328193,0.001782567,166.4204193,10.04781258
,BK102Y0462,102Y0462,경제활동별디플레이터_증감,rate,,,0.180673405,0.017650292,-5.607,10.536,1.119255504
,S41B0D1008O0,S41B0D1008,"수익률평균 (D,1Yr)(%)",rate,,,0.000181996,0.0001,-0.0122,0.0122,0.001725711
,6000312005O0,6000312005,"ROE(영업이익,3년평균)(%)",rate,,,5.374100644,6.88,-573.99,256.34,19.51043951
,6000205031O0,6000205031,총부채증가율(3년평균)(%),rate,,,6.58683058,2.94,-73.03,298.25,24.77074354
,P6000204003O0,P6000204003,영업이익증가율(3년평균)(%),rate,,,11.79120406,5.97,-84.83,530.79,45.42305318
M007,6000909001D1,6000909001,영업활동으로인한현금흐름/유동부채(천원),rate,,,0.222569721,0.15955284,-26.06887276,8.563032161,0.705452652
,6000105001O0,6000105001,현금흐름/총부채(%),rate,,,17.24525964,12.495,-850.51,649.5,50.69934802
M082,6000902003D1,6000902003,유동부채/유동자산(천원),rate,,,0.778047506,0.638501873,0.002342594,24.48040153,0.749674097
M069,6000403001O0,6000403001,총자본회전율(회),rate,,,2.033684419,1.49,0,63.65,2.128413622
,6000901074J1,6000901074,교환사채(천원)_증감,rate,,,-0.573666893,0,-100,6.830746476,7.46778574
,6000205030O0,6000205030,총자산증가율(3년평균)(%),rate,,,6.978817204,4.865,-65.46,232.48,16.73003825
,P6000205001O0,P6000205001,총자산증가율(전년동기)(%),rate,,,14.93598348,6.95,-91.87,565.16,60.00295184
M050,6000906001D5,6000906001,영업이익변동성/총자산(천원),rate,,,0.028729265,0.017420105,5.07393E-05,0.839728609,0.038064303
,P6000208003O0,P6000208003,EPS증가율(3년평균)(%),rate,,,6.13418324,-3.25,-70.24,294.59,47.34307432
M001,6000903001D1,6000903001,총자본/총부채(천원),rate,,,2.4526652,1.349919628,-0.548594288,64.52363184,3.334023032
M019,6000904001D4,6000904001,매출액/총부채(천원),rate,,,2.710768445,2.151167138,0,64.88715323,2.235323671
,P6000201008O0,P6000201008,매출총이익증가율(전년동기)(%),rate,,,17.14441227,7.74,-93.55,537.83,62.31657405
M028,6000903016D1,6000903016,이익잉여금/총자산(천원),rate,,,0.203695465,0.273870173,-7.623632056,4.966911019,0.523547985
,P6000208004O0,P6000208004,EPS증가율(5년평균)(%),rate,,,6.126242948,-1.505,-46.62,192.17,30.6997534
,S41B0M5008O0,S41B0M5008,"수익률평균 (M,5Yr)(%)",rate,,,0.005110268,0.0059,-0.1032,0.1296,0.015899525
M015,6000902012D1,6000902012,*순차입부채/총자산(천원),rate,,,0.033883955,0.057721986,-0.957184247,1.383299992,0.290276881
,S41B0M3008O0,S41B0M3008,"수익률평균 (M,3Yr)(%)",rate,,,0.004766391,0.0049,-0.119,0.1296,0.019600114
,6000402001O0,6000402001,총부채회전율(회),rate,,,2.685399948,2.17,0,41.03,2.050703762
,6000312004O0,6000312004,"ROA(영업이익,3년평균)(%)",rate,,,3.565765801,3.66,-74.66,65.24,7.161453038
,P6000102007O0,P6000102007,차입금비율(%),rate,,,51.17603068,42.35,0.97,753,43.19701456
,P6000211005O0,P6000211005,당기순이익증가율(3년평균)(%),rate,,,12.80061058,3.5,-65.59,292.98,50.6437423
,I31000200FO0,I31000200F,수익률 (2년)(%),rate,,,12.64874771,5.52,-67.02,244.77,36.7147503
M048,6000906001D4,6000906001,영업이익/총자산(천원),rate,,,0.027881329,0.034756285,-1.188966358,0.5566134,0.088575074
,P6000204004O0,P6000204004,영업이익증가율(5년평균)(%),rate,,,8.934525547,6.09,-76.11,156.56,24.82928342
,P6000205031O0,P6000205031,총부채증가율(3년평균)(%),rate,,,7.856900079,5.41,-65.81,135.07,22.33748999
,P6000102001O0,P6000102001,부채비율(%),rate,,,101.5959336,83.4,9.9,1054.57,68.42286013
,I31000195FO0,I31000195F,수익률 (YTD)(%),rate,,,7.534918699,0.89,-51.14,139,25.9859784
,S41B0D1006O0,S41B0D1006,"R-Square (D,1Yr)",rate,,,0.092535877,0.0713,0,1,0.085528435
,I31000190FO0,I31000190F,수익률 (12개월)(%),rate,,,7.661949908,0.3,-51.14,139,26.00072913
,I31000205FO0,I31000205F,수익률 (3년)(%),rate,,,17.43155389,7.535,-73.71,280.11,47.43317276
,BKMKBOK022,MKBOK022,수출총액(중국)_증감(%),rate,,Y,-3.151414697,-6.375747349,-17.1888827,11.42846236,12.06429191
,P6000102011O0,P6000102011,차입부채/영업수익(%),rate,,,31.78725413,28.2,1.49,305.2,18.81997837
M110,ETFXCNY,FXCNY,주요국환율증감_중국(%),rate,,Y,-1.041482781,1.394155049,-5.546577398,2.115264974,3.291966768
,S410001300O0,S410001300,외국인보유비중(티커)(%),rate,,,7.350204732,2.339726,0,89.73289996,11.83740123
M117,EN1143012J,1143012J,원자재_철수입_증감(%),rate,,Y,-4.752018035,-12.91666667,-26.25,34.74576271,23.0009812
,P6000211006O0,P6000211006,당기순이익증가율(5년평균)(%),rate,,,9.789329619,4.39,-55.29,166.36,31.95540586
,P6000706025O0,P6000706025,"배당률(보통주,현금+주식)(%)",rate,,,19.03716103,12.06,0,217.11,28.06098983
,EN1081011J,1081011J,일반회사채발행규모_증감(%),rate,,Y,-6.532049774,-2.380952381,-41.46341463,33.33333333,26.1517213
,I31000210FO0,I31000210F,수익률 (5년)(%),rate,,,42.14537634,20.28,-83.34,517.45,78.39076361
,BKMKBOK042,MKBOK042,수출총액(한국)_증감액,rate,,Y,-0.563661159,-1.2,-3.575,3.5075,2.404708821
,P6000201003O0,P6000201003,매출액증가율(3년평균)(%),rate,,,7.412010228,6.3,-61.82,109.94,20.75509246
,P6000305001O0,P6000305001,지배주주순이익률(%),rate,,,4.401034618,3.49,-9.22,43.88,5.406615293
,P6000201005O0,P6000201005,매출액증가율(5년평균)(%),rate,,,7.234994755,7.06,-58.13,90.9,15.2318743
,P6000101003O0,P6000101003,당좌비율(%),rate,,,121.0343404,110.01,0,909.2,53.02458088
,P6000304003O0,P6000304003,당기순이익률(%),rate,,,4.670597954,3.8,-9.45,43.92,5.517528042
,P6000306003O0,P6000306003,ROA(당기순이익)(%),rate,,,3.801816155,2.9,-7.51,34.96,4.289106863
,P6000306005O0,P6000306005,ROA(총포괄이익)(%),rate,,,3.716414896,2.83,-11.22,33.85,4.211926032
,P6000305012O0,P6000305012,총포괄이익률(%),rate,,,4.602779963,3.59,-13.69,42.53,5.490418322
,P6000101001O0,P6000101001,유동비율(%),rate,,,153.3517401,142.54,0,1005.94,55.31936524
,BKBB032,BB032,신용위험_가계_증감,rate,,Y,-2.688463953,-2.3,-12.5,3.336667,5.902632963
,P6000304002O0,P6000304002,계속사업이익률(%),rate,,,4.308877524,3.45,-9.18,37.95,5.170749648
,P6000304001O0,P6000304001,세전계속사업이익률(%),rate,,,6.030713349,4.95,-8.85,50.41,6.380809332
M054,6000902003D3,6000902003,유동부채/총자산(천원),rate,,,0.319389187,0.29774603,0,2.163989935,0.180317082
,EN1144013J,1144013J,원자재_두바이원유_증감(%),rate,,,-9.223135499,-8.478116396,-47.12655602,28.38491296,24.90403197
M110,ETFXJPY,FXJPY,주요국환율증감_일본(%),rate,,Y,-4.594600135,-8.412796369,-19.46613226,6.66659808,9.683638711
,EN1144011J,1144011J,원자재_나프타_증감(%),rate,,,-8.761203147,-6.900610052,-42.72244387,24.24068195,22.30501749
M029,6000701032D1,6000701032,EBITDA/총자산(천원),rate,,,0.060189419,0.064081795,-1.17533396,0.564043427,0.09045184
,P6000103007O0,P6000103007,총자산/총자본(%),rate,,,201.5959336,183.4,109.9,1154.57,68.42286013
M110,ETFXEUR,FXEUR,주요국환율증감_유럽(%),rate,,Y,-1.889319407,-1.009738155,-8.222432807,2.824340164,3.840822838
,P6000103004O0,P6000103004,유보율(%),rate,,,1577.42276,921.87,0.02,13696.65,2210.734334
,6000401006O0,6000401006,총자산회전율(3년평균)(회),rate,,,0.935061631,0.85,0,5.71,0.514142505
M031,6000904001D6,6000904001,매출액/총자산(천원),rate,,,0.898624924,0.81577858,0,5.304574942,0.512774039
,I41B0D1008O0,I41B0D1008,"수익률평균 (D,1Yr)(%)",rate,,,0.018818516,0,-0.29,0.35,0.091185087
,S41B0M3006O0,S41B0M3006,"R-Square (M,3Yr)",rate,,,0.114589221,0.0836,0,0.7898,0.109234927
,S41B0M3007O0,S41B0M3007,"t-value (M,3Yr)",rate,,,1.817648833,1.74,-2.94,11.3,1.329482622
,P6000303001O0,P6000303001,영업이익률(%),rate,,,7.016677157,5.71,-6.52,45.1,5.683916808
,P6000403001O0,P6000403001,총자본회전율(회),rate,,,1.710932337,1.57,0.27,8.51,0.750666709
M006,6000902001D1,6000902001,총부채/총자산(천원),rate,,,0.430187333,0.425546471,0.015261669,2.215302052,0.215473466
,6000111001O0,6000111001,타인자본비율(%),rate,,,43.01875295,42.555,1.53,221.53,21.54733427
M068,6000401001O0,6000401001,총자산회전율(회),rate,,,0.915419617,0.83,0,4.86,0.521063125
,S41B0M3005O0,S41B0M3005,"베타 (M,3Yr)",rate,,,0.903916703,0.87286,-2.81784,5.32266,0.695458844
,P6000403002O0,P6000403002,자본금회전율(회),rate,,,27.61003016,16.55,0.65,184.34,29.95210106
,P6000701060O0,P6000701060,PBR(배),rate,,,1.518035667,1.18,0.37,8.14,1.030263728
M060,S430000600D3,S430000600,시가총액변동성/평균,rate,,,0.232917646,0.18944103,0,1.277255958,0.172881649
,S41B0M5006O0,S41B0M5006,"R-Square (M,5Yr)",rate,,,0.124881196,0.10045,0,0.7059,0.105066348
,I41B0D1009O0,I41B0D1009,"변동성 (D,1Yr)",rate,,,0.220376685,0.21,0.09686,0.82406,0.054720211
,BKBB022,BB022,신용위험_중소기업_증감,rate,,Y,-2.902341988,-3.13,-6.67,1.67,3.352552385
,S41B0M5007O0,S41B0M5007,"t-value (M,5Yr)",rate,,,2.567979281,2.47,-2.54,11.8,1.534011365
,P6000105003O0,P6000105003,현금흐름/총자산(%),rate,,,7.693613952,6.41,-5.66,38.65,5.850881394
M077,S41B0D1009O0,S41B0D1009,"변동성 (D,1Yr)",rate,,,0.437801857,0.40741,0,1.65713,0.176908682
,S410002450O0,S410002450,변동성 (52주),rate,,,0.027993142,0.0259,0,0.1057,0.011530385
,S41B0D1007O0,S41B0D1007,"t-value (D,1Yr)",rate,,,4.5332599,4.325,-4.39,19.01,2.5040489
,I41B0M3009O0,I41B0M3009,"변동성 (M,3Yr)",rate,,,0.210210509,0.20208,0.12329,0.66577,0.045876865
,EN1073011J,1073011J,기준금리_증감,rate,,Y,-0.237542617,-0.25,-0.5,0.25,0.281328791
,S41B0M3009O0,S41B0M3009,"변동성 (M,3Yr)",rate,,,0.430984553,0.40163,0.0449,1.59686,0.173357407
,P6000306001O0,P6000306001,ROA(영업이익)(%),rate,,,5.620444532,4.72,-4.96,26.93,4.34885601
,P6000307007O0,P6000307007,자기자본현금흐름률(%),rate,,,15.22262916,13.64,-22.4,67.91,10.12777811
,BK102Y0132,102Y0132,경제활동별GDP_증감(%),rate,,,2.946511052,2.864281322,-6.539183883,10.55492904,1.128714433
,P6000402001O0,P6000402001,총부채회전율(회),rate,,,1.893255966,1.87,0.17,6.36,0.673252831
,S41B0M5005O0,S41B0M5005,"베타 (M,5Yr)",rate,,,0.927534165,0.905865,-1.70378,3.72,0.549392913
,P6000401001O0,P6000401001,총자산회전율(회),rate,,,0.846372935,0.81,0.15,2.6,0.249977674
M062,CO10100170O0,CO10100170,최대주주등-주식등 총지분율(Q)(%),rate,,,40.94707448,40.535,0,136.31,16.66840802
,P6000104008O0,P6000104008,차입부채조달금리(평균)(%),rate,,,3.704468922,3.58,0,10.07,0.962604492
,S41B0M5009O0,S41B0M5009,"변동성 (M,5Yr)",rate,,,0.44844356,0.426815,0.05781,1.34161,0.159849529
,P6000301001O0,P6000301001,매출총이익률(%),rate,,,26.80755573,20.5,-0.57,100,16.79081238
,P6000307001O0,P6000307001,ROE(영업이익)(%),rate,,,10.19146866,9.19,-19.32,38.69,6.784669917
,I41B0M3007O0,I41B0M3007,"t-value (M,3Yr)",rate,,,3.0722738,2.84,-0.73,10.43,1.784772866
,S41B0D1005O0,S41B0D1005,"베타 (D,1Yr)",rate,,,0.790504295,0.77135,-1.19063,2.52404,0.419009762
,P6000102009O0,P6000102009,차입금의존도(%),rate,,,23.39763965,22.4,0.88,65.22,9.347792762
,BK007Y0202,007Y0202,산업별대출금_증감(%),rate,,,3.827302928,5.035897899,-29.42591509,18.49986161,4.1465216
,P6000101011O0,P6000101011,재고자산구성비율(%),rate,,,9.344061107,9.41,0,27.88,4.47846841
,6000103006O0,6000103006,유보액/총자산(%),rate,,,48.98868022,48.76,0.01,143.18,22.71257063
,I41B0M3004O0,I41B0M3004,"알파 (M,3Yr)",rate,,,0.00037412,-0.00058,-0.04409,0.03188,0.010441722
,P6000105009O0,P6000105009,현금및현금성자산구성비율(%),rate,,,7.794391555,7.41,1.12,20.06,2.952386297
,B0102Y0461D1,B0102Y0461,경제활동별디플레이터,rate,,,100.4706501,97.904,89.731,167.355,7.816685495
,BK102Y0461,102Y0461,경제활동별디플레이터,rate,,,100.4706501,97.904,89.731,167.355,7.816685495
M108,BKMKBOK082,MKBOK082,채무불이행위험프리미엄_증감,rate,,Y,-0.176004458,-0.22,-0.223,-0.026,0.075070221
M116,EN1075011J,1075011J,어음부도업체수_증감(%),rate,,Y,-16.45775701,-15.98401598,-22.91666667,-10.99099099,4.097129413
M116,EN1182011J,1182011J,부도법인수_증감(%),rate,,,-14.81626702,-15.96091205,-20.78651685,-9.237875289,3.837670876
,P6000101022O0,P6000101022,유형자산구성비율(%),rate,,,32.91548256,33.69,0.66,83.03,12.71502315
,I310001200O0,I310001200,외국인보유비중(%),rate,,,20.85192077,18.31228338,0.877996005,58.75767516,11.25514988
,I41B0M3006O0,I41B0M3006,"R-Square (M,3Yr)",rate,,,0.221110215,0.1917,0,0.7617,0.168681138
M027,6000901002D1,6000901002,운전자본/총자산,rate,,,0.176302091,0.172382211,-1.672074847,0.948165989,0.250820866
,P6000101008O0,P6000101008,유동자산구성비율(%),rate,,,44.09361789,43.77,0,79.69,10.34556658
,I41B0M3005O0,I41B0M3005,"베타 (M,3Yr)",rate,,,0.879909854,0.82078,-0.13573,2.15267,0.394343919
M108,BKMKBOK081,MKBOK081,채무불이행위험프리미엄,rate,,Y,-6.420238919,-6.366,-6.809,-6.117,0.267258468
,P6000101021O0,P6000101021,비유동자산구성비율(%),rate,,,55.16476134,56.23,0,89.92,10.26180198
,P6000103001O0,P6000103001,자기자본비율(%),rate,,,53.07598479,54.53,8.66,90.99,11.85006928
,P6000103006O0,P6000103006,유보액/총자산(%),rate,,,45.22925348,46.42,0.01,86.8,13.27935542
,I41B0D1007O0,I41B0D1007,"t-value (D,1Yr)",rate,,,9.014125361,8.86,-0.45,19.2,3.412537109
,EN01184011,1184011,중소제조업생산지수,rate,,Y,106.5463152,106.3,105.1,108.6,1.181872071
,EN01184012,1184012,중소제조업재고지수,rate,,Y,115.8657488,114.1,112.5,121.9,3.608456963
,B000014003D1,B000014003,GDP디플레이터,rate,,Y,105.674321,105.198,102.269,109.486,2.741486398
,BK00014003,14003,GDP디플레이터,rate,,Y,105.674321,105.198,102.269,109.486,2.741486398
,BKE20001,E20001,경제심리지수,rate,,Y,96.00761777,96.709492,92.141497,98.833238,2.319437264
,I41B0M3008O0,I41B0M3008,"수익률평균 (M,3Yr)(%)",rate,,,0.249975085,0.13,-4.18,3.33,1.030271143
,EN02716011,2716011,노동생산성지수,rate,,Y,103.9652242,103.6,100,106.6,2.406240724
M107,BKMKBOK101,MKBOK101,신용스프레드,rate,,Y,5.980788093,5.942,5.698,6.26,0.201891142
,EN01059011,1059011,BSI지수,rate,,Y,90.84133228,89,86,96,4.13206475
M080,6000901002D3,6000901002,유동자산/총자산,rate,,,0.495691278,0.495235496,0,0.994644102,0.17994916
,I310001200D1,I310001200,MKF2000외인비중,rate,,Y,30.961281,31.20224523,28.13653776,32.49925944,1.530273973
,P6000911035O0,P6000911035,베타(-),rate,,,0.907930763,0.92,-0.05,1.74,0.309030053
M081,6000901013D1,6000901013,비유동자산/총자산,rate,,,0.501876895,0.503483401,0,0.983193722,0.17955099
,I41B0D1005O0,I41B0D1005,"베타 (D,1Yr)",rate,,,0.910076911,0.91864,-0.07196,1.71012,0.310102173
M109,ETIVOL,IVOL,내재변동성(91평균),rate,,Y,12.56612457,11.88791209,11.18131868,14.61868132,1.329825583
,EN01094011,1094011,고정이하여신,rate,,,25.04256491,24.7,21,30,2.95263251
,I41B0D1006O0,I41B0D1006,"R-Square (D,1Yr)",rate,,,0.250961264,0.2422,0.0008,0.6006,0.130277412
,EN01063011,1063011,실업자,rate,,Y,95.48966693,97.6,80.8,102.3,7.584467835
,BKBB021,BB021,신용위험_중소기업,rate,,,25.4012877,25,20,31.25,3.624732891
,BK00014002,14002,GDP_증감(%),rate,,Y,4.57322657,4.588991797,3.613712095,5.427531926,0.611670439
,BKBB031,BB031,신용위험_가계,rate,,Y,17.16305716,16.666667,13.33,21.88,2.876390842
M105,BKMKBOK071,MKBOK071,장단기금리차,rate,,,0.504126147,0.467,0.372,0.712,0.112657862
,BKAI1BC1,AI1BC1,근원인플레이션율,rate,,Y,1.741903626,1.60008,1.399549,2.64519,0.45488666
,BK00018002,18002,GNI_증감(%),rate,,Y,3.941789635,3.719066937,2.927912233,5.500973353,0.886059107
M107,BKMKBOK102,MKBOK102,신용스프레드_증감,rate,,Y,0.153358773,0.141,0.116,0.208,0.033175203
,EN01073011,1073011,기준금리,rate,,Y,1.729805927,1.5,1.25,2.5,0.439514925
,6000103001O0,6000103001,자기자본비율(%),rate,,,57.41901568,57.59,0.12,98.47,20.56251873
M049,6000903001D2,6000903001,총자본/총자산(천원),rate,,,0.569812667,0.574453529,-1.215302052,0.984738331,0.215473466
M083,6000902003D2,6000902003,유동부채/총부채(천원),rate,,,0.751890896,0.78977652,0,1,0.185263346
,BKBB011,BB011,신용위험_대기업,rate,,Y,15.9538867,15.63,10,23.33,4.779384712
,BK10000002,10000002,가계신용_증감(%),rate,,Y,8.609037422,8.068492041,5.732150681,11.58903995,2.296961329
,EN01060011,1060011,소비자물가지수_증감,rate,,Y,1.251612903,1.3,0.7,1.9,0.407979221
,3001111005O0,3001111005,자기자본/총투하자본(%),rate,,,75.64986031,78.82,0,100.01,21.88547613
,EN1094012J,1094012J,총여신_증감(%),rate,,Y,4.965965226,4.121853031,2.481389578,8.067425083,2.087947989
,EN01219011,1219011,건설투자동향_증감,rate,,,6.320036716,6.6,1.1,10.3,2.997318025
,BK00014004,14004,국내총생산디플레이터_증감,rate,,Y,1.570793076,1.874,0.477,2.414,0.770426221
,EN2703011J,2703011J,국채발행금액_증감(%),rate,,Y,8.279740346,9.685230024,0.652528548,12.47706422,4.224214336
,EN1067011J,1067011J,외환보유액_증감(%),rate,,Y,3.541678084,4.904338453,0.842391304,5.963302752,2.106608087
M079,S410005000D1,S410005000,주가변환,rate,,Y,7.729748754,6.116,0.085,15,5.318749256
,EN1182012J,1182012J,신설법인수_증감(%),rate,,Y,5.807676681,2.54564457,1.903940023,12.07161193,4.478221051
,EN1063011J,1063011J,실업자_증감(%),rate,,,4.487419332,3.381147541,-2.179176755,16.21287129,6.086483134
,EN2703012J,2703012J,회사채발행금액_증감(%),rate,,Y,2.712709314,1.123595506,-0.373134328,9.836065574,3.727795287
,EN1174011J,1174011J,기업결합금액_증감(%),rate,,Y,31.45079089,27.30024213,-14.18463612,81.59771755,34.1092814
,BKMKBOK052,MKBOK052,주택인허가실적_증감(%),rate,,Y,23.20215795,20.59419077,-12.28135321,66.70057456,28.67483816
M124,S410001300D1,S410001300,시장대비외인비율,rate,,,-23.61107627,-27.91189506,-32.49925944,58.53065474,11.92381999
,I31000190FD1,I31000190F,MKF2000수익률(12개월),rate,,Y,6.130750066,3.87,-5.27,24.21,10.17057758
M106,BKMKBOK111,MKBOK111,금리스프레드변화율,rate,,,0.074925728,0.0403,-0.1,0.2959,0.126075059
M106,BKMKBOK112,MKBOK112,금리스프레드변화율_증감,rate,,,0.074925728,0.0403,-0.1,0.2959,0.126075059
M127,S410001300D2,S410001300,산업대비외인비율,rate,,,-13.50171604,-13.12924139,-53.10243049,67.34556276,15.35461942
,EN1184011J,1184011J,중소제조업생산지수_증감,rate,,Y,0.813165486,1,-1.3,2.5,1.314461823
,EN1184012J,1184012J,중소제조업재고지수_증감,rate,,Y,2.65103593,3.2,-4.8,9,4.685867409
,BKMKBOK012,MKBOK012,수출총액(일본)_증감(%),rate,,Y,4.057883756,-1.854899775,-9.4271059,22.12154263,12.12425581
,BKMKBOK062,MKBOK062,이자율기간구조_증감,rate,,,0.109512982,0.101,-0.442,0.549,0.322460818
,S41B0D1005D1,S41B0D1005,산업대비베타차이,rate,,,-0.119572616,-0.108195,-2.0784,1.82752,0.445967706
,EN1094011J,1094011J,고정이하여신_증감(%),rate,,Y,3.934928255,-6.201550388,-17.66666667,39.45945946,22.5209192
,6000305013O0,6000305013,EBITDA마진율(3년평균)(%),rate,,,6.277694729,7.45,-3307.07,136.15,62.14942095
,EN2703021J,2703021J,개인채권발행금액_증감(%),rate,,Y,7.949307039,12.65206813,-60.62311558,49.19142535,40.25285643
,BKMKBOK032,MKBOK032,수출총액(미국)_증감(%),rate,,Y,1.948103942,0.215979105,-22.17119624,34.12012789,21.28817313
M105,BKMKBOK072,MKBOK072,장단기금리차_증감,rate,,Y,0.011703383,-0.076,-0.174,0.432,0.208232066
M117,EN1143011J,1143011J,원자재_열연_증감(%),rate,,Y,1.186002319,-3.113553114,-25.30779754,29.30056711,18.60340923
,S41B0D1005J1,S41B0D1005,"베타 (D,1Yr)_증감",rate,,,-0.033994481,-0.05075,-2.60213,2.21695,0.444217416
,6000307015O0,6000307015,"ROE(당기순이익,3년평균)(%)",rate,,,-1.683125739,4.64,-1813.02,169.71,41.12818834
,6000312006O0,6000312006,"ROE(지배주주순이익,3년평균)(%)",rate,,,-1.583905388,4.66,-1861.01,205.39,42.49282864
,6000303008O0,6000303008,영업이익률(3년평균)(%),rate,,,1.830910045,4.01,-3410.8,80.7,63.67565449
,EN1144012J,1144012J,원자재_에틸렌_증감(%),rate,,Y,0.294666776,7.060577424,-22.56425793,9.117827148,11.84948184
,6000312001O0,6000312001,ROE(당기순이익)(%),rate,,,-2.299938044,4.615,-1779.16,419.56,47.03063969
,S41B0D1004O0,S41B0D1004,"알파 (D,1Yr)",rate,,,-5.22725E-05,-0.00008,-0.01227,0.0116,0.00172785
,6000401001J1,6000401001,총자산회전율(회)_증감,rate,,,-0.0209861,-0.02,-3.31,3.51,0.23399135
M075,S41000210FD1,S41000210F,시장대비초과수익률,rate,,,-0.00425628,-0.010188364,-1.325312454,1.297377089,0.192210269
,6000402001J1,6000402001,총부채회전율(회)_증감,rate,,,-0.038266457,0,-42.51,11.61,1.082459044
,6000901073J1,6000901073,신주인수권부사채(천원)_증감,rate,,,-3.233171015,0,-100,1115.416115,23.55119239
,6000304009O0,6000304009,당기순이익률(3년평균)(%),rate,,,-1.970272751,2.61,-3198.7,857.87,65.37860818
,I31000170FO0,I31000170F,수익률 (3개월)(%),rate,,,-0.257499344,-0.49,-28.15,129.27,11.49499852
,6000105001J1,6000105001,현금흐름/총부채(%)_증감,rate,,,-1.198111723,-0.26,-795.92,636.33,43.77949583
,6000111001J1,6000111001,타인자본비율(%)_증감,rate,,,-0.281464726,-0.44,-144.82,158.2,10.37505713
,I41B0D1004O0,I41B0D1004,"알파 (D,1Yr)",rate,,,-0.000155127,-0.008,-0.263,0.331,0.084865923
M125,S41000210FD2,S41000210F,산업대비초과수익률,rate,,,-0.000985447,-0.004077046,-1.350004123,1.206812321,0.190733624
,6000901072J1,6000901072,전환사채(천원)_증감,rate,,,-4.558853744,0,-24568.92,4240.416887,289.2681562
,6000105003J1,6000105003,현금흐름/총자산(%)_증감,rate,,,-0.327769473,-0.27,-269.21,288.95,14.34097299
,6000306003J1,6000306003,ROA(당기순이익)(%)_증감,rate,,,-0.299840021,-0.28,-271.18,289.58,14.58905981
M093,6000906001D6,6000906001,영업이익/매출액(천원),rate,,,0.00185077,0.040206531,-48.04229249,0.821021082,0.781538529
,6000303001O0,6000303001,영업이익률(%),rate,,,0.173090742,4.02,-4804.23,82.1,78.138032
,6000601018J1,6000601018,수정EBITDAPS(원)_증감,rate,,,-50.26502054,-3.048851547,-114010,52921.42857,2017.977027
,6000303005O0,6000303005,*조정영업이익률(%),rate,,,0.159535799,4.03,-4804.23,82.1,78.14397759
,6000304003O0,6000304003,당기순이익률(%),rate,,,-2.995853659,2.68,-4552.8,3923.34,105.6016492
M086,6000908001D5,6000908001,당기순이익/매출액(천원),rate,,,-0.029874443,0.026811143,-45.52802734,39.23338117,1.056182332
,6000403001J1,6000403001,총자본회전율(회)_증감,rate,,,-0.038663782,-0.04,-30.81,59.32,1.350388114
,6000105010J1,6000105010,현금흐름/총자본(%)_증감,rate,,,-1.163228429,-0.69,-1544.57,2197.04,53.86399122
,6000312001J1,6000312001,ROE(당기순이익)(%)_증감,rate,,,-1.145262261,-0.62,-1779.91,2342.45,57.52910921
,6000902012J1,6000902012,*순차입부채(천원)_증감,rate,,,-18.41996315,-1.440451283,-298132.2508,49710.68827,3536.39718
,6000307007J1,6000307007,자기자본현금흐름률(%)_증감,rate,,,-0.881797797,-0.645,-1544.57,2195.9,57.04651739
,6000904001DB,6000904001,산업대비매출액증가율,rate,,,-1.581616943,-2.211808327,-663.6214726,5596.617972,105.1007561
,6000303005J1,6000303005,*조정영업이익률(%)_증감,rate,,,-0.375111461,-0.15,-2806.92,1589.52,44.16166587
,6000304003J1,6000304003,당기순이익률(%)_증감,rate,,,-0.878040913,-0.19,-8227.92,3920.54,135.7939441
,6000303001J1,6000303001,영업이익률(%)_증감,rate,,,-0.362381327,-0.15,-2806.92,1589.52,44.14323144
,6000305009J1,6000305009,EBITDA마진율(%)_증감,rate,,,-0.41537241,-0.12,-2756.23,2460.5,58.80151124
,6000105004J1,6000105004,현금흐름/영업수익(%)_증감,rate,,,-0.944501705,-0.13,-8856.92,6576.3,163.6773805
,6000909001J1,6000909001,영업활동으로인한현금흐름(천원)_증감,rate,,,-29.12219333,-24.69022721,-231240.2517,213518.0748,4196.923484
,6000906001J1,6000906001,영업이익(천원)_증감,rate,,,-40.03250669,-7.950413876,-190325.267,291646.1388,4814.086344
,6000601024J1,6000601024,수정CFPS(원)_증감,rate,,,-20.02298527,-7.26036491,-403331.25,197517.2414,5965.222941
,6000909011J1,6000909011,현금흐름(천원)_증감,rate,,,-4.439240177,-5.380374923,-419124.5246,264070.9067,6634.927781
M024,FNMKFN01,MKFN01,제조업더미,더미,,,1,1,1,1,0
M025,FNMKFN02,MKFN02,건설업더미,더미,,,1,1,1,1,0
M058,6000901001D2,6000901001,자본잠식여부,더미,,,0.004851823,0,0,1,0.069485844
M057,6000908001D7,6000908001,더미2년간적자,더미,,,0.176370312,0,0,1,0.381134917
M021,TOPCOM0005D1,TOPCOM0005,재벌05,더미,,,0.025570417,0,0,1,0.157849836
M022,TOPCOM0630D1,TOPCOM0630,재벌0630,더미,,,0.059926567,0,0,1,0.23735074
M023,TOPCOM3160D1,TOPCOM3160,재벌3160,더미,,,0.044584317,0,0,1,0.20638933
,I310007200O0,I310007200,거래대금 (60일 평균)(원),amount,,,2.04157E+11,1.72369E+11,432550716,1.56895E+12,1.81995E+11
,I310007300O0,I310007300,거래대금 (120일 평균)(원),amount,,,2.02433E+11,1.78911E+11,529130945,1.02091E+12,1.58272E+11
,I310007400O0,I310007400,거래대금 (52주 평균)(원),amount,,,2.02403E+11,1.83407E+11,562229006,6.99543E+11,1.48971E+11
,3001701029O0,3001701029,EV(천원),amount,,,971550837.7,135351500,0,3.67087E+11,7549241910
,6000901001O0,6000901001,총자산(천원),amount,,,1659529198,168028955.6,4968363.53,3.01752E+11,10793433733
,6000904001O0,6000904001,매출액(천원),amount,,,1291247432,143313528.7,0,2.39575E+11,7799344779
,6000906072O0,6000906072,영업수익(천원),amount,,,1291476627,143313528.7,0,2.39575E+11,7799328028
,6000903016O0,6000903016,이익잉여금(천원),amount,,,522908509.8,45380700.06,-3820789000,2.15811E+11,5369138462
,6000903001O0,6000903001,총자본(천원),amount,,,762128282.7,91585602.28,-2666885000,2.14491E+11,5764418474
M009,6000901001D1,6000901001,총자산-총부채(천원),amount,,,762128282.7,91585602.28,-2666885000,2.14491E+11,5764418474
,6000904001D1,6000904001,매출액(천원)_평균3년,amount,,,1264266106,138393682.1,0,2.14032E+11,7563603411
,6000904089O0,6000904089,매출액(3년평균)(천원),amount,,,1264263917,138393682.1,0,2.14032E+11,7563603360
,6000992037O0,6000992037,영업수익(3년평균)(천원),amount,,,1264453151,138393682.1,0,2.14032E+11,7563586265
,6000903009O0,6000903009,*유보액(천원),amount,,,655664626.4,76352474.16,-2973593000,2.12544E+11,5579870827
,6000903046O0,6000903046,*유보액(3년평균)(천원),amount,,,610935394.9,72226679.91,-549027000,1.97748E+11,5095477670
,6000901013O0,6000901013,비유동자산(천원),amount,,,940284319.6,79032819.11,0,1.62647E+11,6269342669
,6000901002O0,6000901002,유동자산(천원),amount,,,605022340.5,81598560.89,0,1.46982E+11,4029028056
,6000902001O0,6000902001,총부채(천원),amount,,,897400914.8,65535195.38,644516.83,1.4423E+11,5956820148
,6000901005O0,6000901005,당좌자산(천원),amount,,,476437196.9,61590151.12,0,1.23076E+11,3322294634
,6000901045O0,6000901045,*단기유동성(천원),amount,,,218965479.4,23294920,0,88182313000,2096185674
,6000701032O0,6000701032,EBITDA(천원),amount,,,148444976.4,11024332.03,-2262643328,75762430000,1578645735
,6000902003O0,6000902003,유동부채(천원),amount,,,465096364.1,50900714.85,0,67175114000,2466188344
,I310008010O0,I310008010,공매도거래대금(원),amount,,,5715169321,4192419890,0,64998928380,6646808418
M016,6000909011O0,6000909011,현금흐름(천원),amount,,,119232882.3,8641647.715,-3717432000,63461961000,1364456940
,6000901019O0,6000901019,*총금융자산(천원),amount,,,184326723.2,13921405.36,0,62875147000,1710634245
,6000909001O0,6000909001,영업활동으로인한현금흐름(천원),amount,,,118351973.1,7596480.885,-1554754531,62162041000,1346525348
,6000902012O0,6000902012,*순차입부채(천원),amount,,,211831150.5,6463034.225,-72899927000,61612759000,2631418540
,6000701122O0,6000701122,EBITDA(3년평균)(천원),amount,,,137764113.7,10528012.67,-1173054732,57686788667,1397405372
,6000909101O0,6000909101,영업활동으로인한현금흐름(평균)(천원),amount,,,113923816.5,7848189.143,-1483137961,54773842500,1264352090
,6000906001O0,6000906001,영업이익(천원),amount,,,82958602.02,6073714.65,-3273993328,53645038000,1003158518
,6000901070O0,6000901070,사채(천원),amount,,,158783568.4,0,0,52244369000,1715387495
,6000901071O0,6000901071,일반사채(천원),amount,,,156403007.3,0,0,52244369000,1714599753
M010,6000908001O0,6000908001,당기순이익(천원),amount,,,56910400.94,3944141.745,-4069603000,42186747000,821191502.7
,6000906001D1,6000906001,영업이익(천원)_평균3년,amount,,,76261495.81,6040998.092,-1489123188,36433050667,851633498.2
,6000906041O0,6000906041,영업이익(3년평균)(천원),amount,,,76262307.92,6040998.092,-1489123188,36433050667,851633454.2
,6000901042O0,6000901042,건설중인자산(천원),amount,,,65962196.88,507799.5,0,35127128000,885240188.4
,6000904001D2,6000904001,매출액(천원)_변동성3년,amount,,,113029831.4,12752104.62,0,32820339574,807279691.5
,6000901042D1,6000901042,건설중인자산(천원)_평균3년,amount,,,63479003.12,1126055.63,0,31572335333,838283926.3
,1001113580O0,1001113580,매출채권(천원),amount,,,112086721.4,19360096.5,0,28196797000,704408064.4
,6000908001D1,6000908001,당기순이익(천원)_평균3년,amount,,,52113953.75,3793729.658,-2065553333,27990994333,705409244.3
,6000908023O0,6000908023,당기순이익(3년평균)(천원),amount,,,52113221.19,3791438.803,-2065553333,27990994333,705409261.6
,1001113580D1,1001113580,매출채권(천원)_평균3년,amount,,,114031014.2,20432612.95,2057,24144142000,667540088.4
,6000901015O0,6000901015,관계기업등지분관련투자자산(천원),amount,,,103353133.3,313262.185,0,18070121000,835010601.8
,6000901015D1,6000901015,관계기업등지분관련투자자산(천원)_평균3년,amount,,,96666592.4,616267.4783,0,17410800667,767217086.7
M044,6000906001D2,6000906001,영업이익(천원)_변동성3년,amount,,,26109382.57,3253879.153,7127.756376,12225320400,231789930.8
M087,6000908001D2,6000908001,당기순이익(천원)_변동성3년,amount,,,32543171.67,4086490.233,31951.16697,10148869855,221745792.4
,6000705001O0,6000705001,"배당금(보통주,현금+주식)(천원)",amount,,,10122537.28,569209,0,5115665571,100006035.4
,I310000700O0,I310000700,상장주식수(주),amount,,,1593314950,1522376436,10080029,4492092615,990065985
,P6000803316O0,P6000803316,상장주식수(합산)(주),amount,,,1590500560,1523027456,10080029,4484711358,988140319.6
,1001113580D2,1001113580,매출채권(천원)_변동성3년,amount,,,13150199.21,2590922.763,0,3167924094,71406332.1
M051,6000901001D3,6000901001,총자산/GDP디플레이터,amount,,,15707156.38,1591996,48230.45179,2756079225,101932891
,6000909038O0,6000909038,장단기금융자산의감소(증가)(천원),amount,,,-15346427.02,-82653.655,-19197873000,2656865000,324301665.8
,6000906020O0,6000906020,이자비용(비영업)(천원),amount,,,13451642.96,1065303,-103567,2381900000,78587181.79
,6000906020D1,6000906020,이자비용(비영업)(천원)_평균3년,amount,,,14008685.4,1140132.372,-26127.66667,2359284000,80767082.1
M098,6000906020D5,6000906020,순금융비용(천원),amount,,,8936900.007,576107,-1240421000,2199739000,72195465.86
,6000906009O0,6000906009,이자수익(비영업)(천원),amount,,,4514742.955,420434.7,0,1833361000,45632926.28
,I310001100D1,I310001100,MKF2000시가총액(백만원),amount,,,1444192908,1388416055,1249762263,1819624334,213701926.2
,6000906009D1,6000906009,이자수익(비영업)(천원)_평균3년,amount,,,4629209.737,468177,0,1699612000,42751843.55
,6000991010O0,6000991010,투자부동산(천원),amount,,,23118831.56,74502.86,0,1582211000,93386953.84
,6000901073O0,6000901073,신주인수권부사채(천원),amount,,,610475.1232,0,0,1160662000,14056905.43
,S41000100FO0,S41000100F,상장주식수(주),amount,,,30461767.51,16464183,380000,839089231,49875573.7
,6000901072O0,6000901072,전환사채(천원),amount,,,1492127.002,0,-1223446,498935000,12171725.94
,CI20113025O0,CI20113025,순매수대금(외국인계)(52주합산)(만원),amount,,,311021.8866,-155,-621362398,409065651,13590122.98
,6000906009D2,6000906009,이자수익(비영업)(천원)_변동성3년,amount,,,853227.4118,113278.3206,0,403361823,7266249.901
,S430000600O0,S430000600,시가총액(백만원),amount,,,812273.1141,109713,3314,367086675,7327483.41
,6000906020D2,6000906020,이자비용(비영업)(천원)_변동성3년,amount,,,1957536.555,249032.1399,0,366056251.2,10510952.34
,I310000800O0,I310000800,시가총액 (상장예정주식수 포함)(백만원),amount,,,36572315.93,24680642,271495,340051183,45759191.87
,6000901074O0,6000901074,교환사채(천원),amount,,,277958.9923,0,0,292796102,7078382.364
,S410001500O0,S410001500,외국인보유시가총액(백만원),amount,,,245609.8773,2539,0,173491348,3315501.129
,CI20083025O0,CI20083025,순매수대금(개인)(52주합산)(만원),amount,,,-272872.3634,14121,-310084131,169856591,9994698.42
,I310006600O0,I310006600,거래량 (120일 평균)(주),amount,,,23779259.98,21706072,9289,129427306,18163625.11
,I310009940O0,I310009940,대차거래 잔고(주),amount,,,41940701.77,38663273,33556,126586818,28137157.62
,I310006500O0,I310006500,거래량 (60일 평균)(주),amount,,,24326605.84,20765258,7881,124561217,19128712.28
,I310006700O0,I310006700,거래량 (52주 평균)(주),amount,,,24321612.63,21627443,8957,96284025,16672628.14
,S41000660FO0,S41000660F,거래량 (52주 평균)(주),amount,,,456252.1532,146154.5,0,56068509,1344979.742
,P6000909020O0,P6000909020,장단기금융부채의증가(억원),amount,,,101631.277,54370.90849,0.05,21959024.39,445985.5742
,P6000909023O0,P6000909023,장단기금융부채의감소(억원),amount,,,99924.53427,51889.61394,0,21916426.66,443526.6796
,6000601032O0,6000601032,수정SPS(원),amount,,,48275.44354,8186.11,0,18340218.91,270210.788
,BKMKBOK021,MKBOK021,수출-수입액(중국),amount,,,4225963.443,4199220,3477421,5232717,585545.5102
,P6000805001O0,P6000805001,시가총액(억원),amount,,,377422.0302,248443.55,2714.95,3781948.95,504441.9864
,P6000901001O0,P6000901001,총자산(억원),amount,,,625867.2519,388516.1401,2299.548086,3642092.735,641288.3605
,P6000902001O0,P6000902001,총부채(억원),amount,,,297724.3366,151426.3584,797.6026088,3242296.555,303566.6051
,6000601036O0,6000601036,수정BPS(원),amount,,,23892.00116,5387.92,-3598019.79,3231404.69,118550.2393
,P6000911004O0,P6000911004,*총금융부채(억원),amount,,,150026.6111,83734.99633,102.2230947,2896476.436,160920.4832
,S410005700O0,S410005700,수정주가 (52주 최고)(원),amount,,,33303.79386,8682,115,2746900,107563.8485
,P6000904001O0,P6000904001,매출액(억원),amount,,,533107.2675,287194.8134,1611.406112,2559580.124,554991.291
,BKAAAA1K1,AAAA1K1,M2(평잔),amount,,,2250366.982,2244580.2,1929463,2523048.8,213912.0276
,BKMKBOK031,MKBOK031,수출-수입액(미국),amount,,,1953340.735,2060007.25,1556050,2473895,339861.5255
,P6000903001O0,P6000903001,총자본(억원),amount,,,328142.9153,198730.1915,1427.060976,2242275.086,387394.7207
,S410005600O0,S410005600,수정주가 (120일 평균)(원),amount,,,25710.09717,6350,95,2232318,85814.17513
,P6000903016O0,P6000903016,이익잉여금(억원),amount,,,233504.3459,96976.33899,-44064.74112,2213938.963,365768.2983
,S410005300O0,S410005300,수정주가 (60일 평균)(원),amount,,,25330.73984,6194.5,88,2193562,84268.07321
,P6000903003O0,P6000903003,지배주주지분(억원),amount,,,300813.512,177220.0023,1427.060976,2163230.485,368318.2262
,S410005000O0,S410005000,수정주가 (20일 평균)(원),amount,,,25134.60726,6116,85,2153618,83456.17581
,S410005900O0,S410005900,수정주가 (52주 평균)(원),amount,,,25496.04904,6344.5,97,2127047,84755.5657
,P6000805013O0,P6000805013,외국인시가총액(합산)(억원),amount,,,119560.5102,45468.8375,25.2226396,2055786.162,266387.7719
,BKMKBOK051,MKBOK051,주택인허가실적,amount,,,1450890.5,1547285,978339,1763918,303973.8996
,I310009930O0,I310009930,대차거래 잔고증감(주),amount,,,-368330.2259,-142285,-4428018,1733505,634887.8949
,P6000901013O0,P6000901013,비유동자산(억원),amount,,,347688.0183,227280.3285,0,1683204.654,348782.8382
,P6000991040O0,P6000991040,*총차입부채(억원),amount,,,146376.2838,82969.13968,83.1345847,1654842.47,151678.8228
,P6000901017O0,P6000901017,유형자산(억원),amount,,,221869.7573,124986.7614,1059.16107,1562220.381,248904.682
,P6000901002O0,P6000901002,유동자산(억원),amount,,,266066.5692,157821.4333,0,1539202.037,287113.2928
,S410005800O0,S410005800,수정주가 (52주 최저)(원),amount,,,19462.47036,4674,81,1457763,67455.87166
,BK10000001,10000001,가계신용,amount,,,1229477.732,1203099.158,1019040.5,1450848.468,160388.0844
,P6000901005O0,P6000901005,당좌자산(억원),amount,,,205801.9948,117811.3357,0,1275070.04,232938.3627
,P6000901045O0,P6000901045,*총유동성(억원),amount,,,92610.92413,52357.05963,0,905434.1146,137962.417
,P6000902011O0,P6000902011,비유동부채(억원),amount,,,100657.8629,52075.72457,0,897198.779,109340.3087
,I310008000O0,I310008000,공매도거래량(주),amount,,,196233.3568,146631,0,840700,164730.4932
,P6000701032O0,P6000701032,EBITDA(억원),amount,,,65213.82626,23839.37798,-34504.83329,769379.8586,105972.3919
,P6000902003O0,P6000902003,유동부채(억원),amount,,,186331.2771,98109.21705,0,720084.8202,178426.8485
,P6000601035O0,P6000601035,BPS(원),amount,,,70439.57853,49423.67,4007.16,651237.45,86450.79838
,P6000993009O0,P6000993009,현금흐름(연율화)(억원),amount,,,52734.48229,18087.7784,-31994.20781,642336.0812,91031.23857
,P6000902012O0,P6000902012,*순차입부채(억원),amount,,,53125.65953,33217.80643,-728300.478,636121.5338,161676.0749
,P6000902014O0,P6000902014,장기금융부채(억원),amount,,,71198.11586,34038.14486,0,585419.4429,83850.56887
,P6000991042O0,P6000991042,*장기차입부채(억원),amount,,,69984.50892,33440.24568,0,582542.5603,82810.81218
,P6000901010O0,P6000901010,단기금융자산(억원),amount,,,48554.31008,23637.39886,0,569391.5169,89824.63148
,P6000906001O0,P6000906001,영업이익(억원),amount,,,38235.19974,14361.03149,-53072.95523,540604.7678,69346.08415
,P6000992013O0,P6000992013,당기순이익(연율화)(억원),amount,,,26828.89685,8153.188083,-51979.88822,422384.7954,56197.78432
,P6000992012O0,P6000992012,지배주주순이익(연율화)(억원),amount,,,25755.85577,7418.411012,-50562.32976,413560.9904,55016.07335
,BK00018001,18001,GNI,amount,,,379703.5515,381475.8,348619.7,406180.2,21031.70174
,BK00014001,14001,GDP,amount,,,371623.2031,371401.5,350009.5,391681.4,14830.69782
,P6000992016O0,P6000992016,총포괄이익(연율화)(억원),amount,,,25714.89332,8702.970675,-54938.69243,366051.3411,52730.14858
,6000601018O0,6000601018,수정EBITDAPS(원),amount,,,2234.118976,645.495,-6442260.35,363657.48,77165.47743
,BK007Y0201,007Y0201,산업별대출금,amount,,,222353.2236,308190.4,1085.5,337520.4,133247.0519
,P6000901030O0,P6000901030,현금및현금성자산(억원),amount,,,44093.13226,26028.83108,180.38226,336042.5976,51760.63826
,P6000902010O0,P6000902010,단기금융부채(억원),amount,,,77578.15181,40193.65554,0,304071.4223,76240.57955
,P6000901006O0,P6000901006,매출채권(억원),amount,,,79255.7345,51215.74823,0,295639.3452,75776.65909
,6000601024O0,6000601024,수정CFPS(원),amount,,,-611.9862012,517,-11801196.83,271691.28,150385.7326
,P6000901012O0,P6000901012,재고자산(억원),amount,,,60127.57013,38428.21037,0,268864.9245,63409.12706
,BK102Y0131,102Y0131,경제활동별GDP,amount,,,130615.6001,108901.9,547.4,207322.5,48834.51032
,P6000901024O0,P6000901024,무형자산(억원),amount,,,32753.57618,21689.48839,21.59158,185707.5116,36378.07239
M066,6000601003O0,6000601003,수정EPS(원),amount,,,-2379.083778,212.785,-12004832.78,156145.48,154028.9488
,I310020732O0,I310020732,순매수대금(기타법인)(백만원),amount,,,1227.058878,-18,-8122,126322,10911.32668
,P6000601002O0,P6000601002,EPS(원),amount,,,5506.527447,3062.31,-9958.92,117322.02,12809.73572
,EN01182012,1182012,신설법인수,amount,,,90150.6491,93768,75574,98330,8351.386164
,P6000909024O0,P6000909024,자본의감소(억원),amount,,,2563.982044,414.3040932,0,83901.83881,10552.91453
,BKI410A1,I410A1,전국미분양주택,amount,,,55410.86835,57330,40379,61512,7597.920691
,P6000611001O0,P6000611001,배당금(현금+주식)(억원),amount,,,4414.634678,1863.32608,0,59090.52882,7514.196504
,I310020032O0,I310020032,순매수대금(기관계)(백만원),amount,,,-1459.280094,-159,-84343,52327,15550.77007
,P6000705001O0,P6000705001,"배당금(보통주,현금+주식)(억원)",amount,,,4187.781107,1813.56646,0,51978.859,6716.192141
,I310021132O0,I310021132,순매수대금(외국인계)(백만원),amount,,,4.239968529,307,-63121,48466,10117.40047
,I310020932O0,I310020932,순매수대금(등록외국인)(백만원),amount,,,-39.79124049,315,-63318,48455,10160.22373
,I310021232O0,I310021232,순매수대금(기관/외국인계)(백만원),amount,,,-1455.04983,-22.5,-106531,36899,16343.65771
,6000612005O0,6000612005,"수정DPS(보통주,현금+주식)(원)",amount,,,281.5293889,39.84,0,33000,1057.763108
,I31000400FO0,I31000400F,종가지수 (52주 최고)(포인트),amount,,,3554.905435,2726.07,3.79,30003.18,4097.150493
,I31000370FO0,I31000370F,종가지수 (120일 최고)(포인트),amount,,,3439.381572,2463.435,3.58,29408.9,3979.65902
,I31000340FO0,I31000340F,종가지수 (60일 최고)(포인트),amount,,,3293.828029,2275.51,2.9,29408.9,3789.438749
,P6000909021O0,P6000909021,자본의증가(억원),amount,,,3300.6834,2337.204003,0,28104.23903,3460.165374
,I31000360FO0,I31000360F,종가지수 (60일 평균)(포인트),amount,,,3059.477392,2130.81,2.77,27161.16,3476.363857
,I310020332O0,I310020332,순매수대금(투신)(백만원),amount,,,833.8589038,498,-14358,25143,3987.629803
,I31000390FO0,I31000390F,종가지수 (120일 평균)(포인트),amount,,,3059.811515,2149.24,2.99,24767.26,3442.180265
,I31000420FO0,I31000420F,종가지수 (52주 평균)(포인트),amount,,,3014.582362,2231.39,3.12,23144.17,3359.43879
,I31000350FO0,I31000350F,종가지수 (60일 최저)(포인트),amount,,,2824.317109,1955.35,2.61,22807.88,3125.208098
,I31000380FO0,I31000380F,종가지수 (120일 최저)(포인트),amount,,,2696.262362,1955.35,2.61,21665.64,2953.063343
,I31000410FO0,I31000410F,종가지수 (52주 최저)(포인트),amount,,,2498.884933,1813.37,2.61,18587.05,2711.467817
,I310024132O0,I310024132,순매수대금(국가)(백만원),amount,,,453.4432206,112,-7381,18325,2367.270678
,I310023132O0,I310023132,순매수대금(사모펀드)(백만원),amount,,,-124.4335169,-10,-8914,11864,2678.577333
,I310020232O0,I310020232,순매수대금(보험)(백만원),amount,,,358.2546551,331,-30474,11279,3685.500878
,BKMKBOK011,MKBOK011,수출-수입액(일본),amount,,,-2117814.658,-2065904.75,-2522914.75,-1839302.75,239383.4895
