Date,Close_x,Open_x,High_x,Low_x,Volume_x,Change_x,Close_y,Open_y,High_y,Low_y,Volume_y,Change_y
2017-10-10,52800,53360,53640,52800,19830000.0,-0.9793999999999999,2433.81,2425.63,2443.2,2421.1,221740.0,0.016399999999999998
2017-10-11,54640,53600,54760,53340,12900000.0,0.0348,2458.16,2442.49,2458.16,2439.81,201770.0,0.01
2017-10-12,54800,54840,55160,54100,13730000.0,0.0029,2474.76,2461.7,2474.76,2459.48,256209.99999999997,0.0068000000000000005
2017-10-13,54000,54540,54840,53780,12520000.0,-0.0146,2473.62,2473.65,2479.73,2468.14,234800.0,-0.0005
2017-10-16,53920,53980,54860,53760,8960000.0,-0.0015,2480.05,2483.17,2487.71,2470.24,224410.0,0.0026
2017-10-17,54800,54020,55380,54000,10570000.0,0.0163,2484.37,2484.96,2487.88,2478.76,199050.0,0.0017000000000000001
2017-10-18,54760,54820,55240,54040,10030000.0,-0.0007000000000000001,2482.91,2481.53,2490.58,2475.67,244250.0,-0.0006
2017-10-19,52980,54700,54700,52980,11970000.0,-0.0325,2473.06,2485.72,2490.94,2468.67,236630.0,-0.004
2017-10-20,53840,52800,54100,52800,7860000.0,0.016200000000000003,2489.54,2477.3,2489.54,2476.88,313210.0,0.0067
2017-10-23,54300,54600,54640,54000,8300000.000000001,0.0085,2490.05,2497.65,2500.33,2485.48,274200.0,0.0002
2017-10-24,54040,54700,54780,54040,5750000.0,-0.0048,2490.49,2489.31,2497.35,2487.17,232010.0,0.0002
2017-10-25,53900,54040,54420,53700,5870000.0,-0.0026,2492.5,2495.87,2497.41,2481.48,599430.0,0.0008
2017-10-26,52400,53720,53900,52400,9760000.0,-0.0278,2480.63,2489.6,2495.99,2480.63,646880.0,-0.0048
2017-10-27,53080,52400,53320,52140,7390000.0,0.013000000000000001,2496.63,2485.44,2499.15,2479.67,511230.0,0.0064
2017-10-30,54040,53780,54320,53700,8189999.999999999,0.0181,2501.93,2513.87,2513.87,2497.42,342010.0,0.0021
2017-10-31,55080,54060,55440,53500,13300000.0,0.0192,2523.43,2500.21,2528.32,2498.05,313790.0,0.0086
2017-11-01,57220,57500,57500,56180,14280000.0,0.038900000000000004,2556.47,2535.97,2556.47,2535.83,361800.0,0.0131
2017-11-02,57060,57500,57520,56760,10180000.0,-0.0028000000000000004,2546.36,2560.34,2561.63,2542.02,527730.0,-0.004
2017-11-03,56380,57060,57140,55860,9930000.0,-0.011899999999999999,2557.97,2558.37,2558.37,2539.72,292770.0,0.0046
2017-11-06,56380,56380,56500,55340,8960000.0,0.0,2549.41,2557.29,2559.9,2529.94,221190.0,-0.0033
2017-11-07,56100,56380,56920,55860,7460000.0,-0.005,2545.44,2548.3,2554.13,2540.67,253920.0,-0.0016
2017-11-08,56760,56100,57060,55860,8359999.999999999,0.0118,2552.4,2534.48,2558.74,2533.73,277040.0,0.0027
2017-11-09,56340,56920,56920,55900,11990000.0,-0.0074,2550.57,2559.93,2559.93,2536.54,293540.0,-0.0007000000000000001
2017-11-10,56400,55800,56540,55780,6640000.0,0.0011,2542.95,2541.18,2547.61,2534.6,291530.0,-0.003
2017-11-13,56380,56400,56800,56100,7470000.0,-0.0004,2530.35,2548.27,2552.28,2527.2,266530.0,-0.005
2017-11-14,55920,56380,56740,55920,6720000.0,-0.008199999999999999,2526.64,2532.55,2532.95,2520.99,287770.0,-0.0015
2017-11-15,55340,55920,56320,55320,8750000.0,-0.0104,2518.25,2525.6,2526.61,2511.76,398220.0,-0.0033
2017-11-16,55780,55440,56000,55400,7620000.0,0.008,2534.79,2522.42,2538.28,2514.51,302930.0,0.0066
2017-11-17,55820,56400,56880,55820,10370000.0,0.0007000000000000001,2533.99,2546.05,2559.1,2533.99,362190.0,-0.0003
2017-11-20,55200,55900,55980,55200,9450000.0,-0.0111,2527.67,2536.8,2542.62,2523.52,404260.0,-0.0025
2017-11-21,55280,55400,55840,55280,9920000.0,0.0014000000000000002,2530.7,2533.85,2539.88,2525.96,484890.0,0.0012
2017-11-22,55960,55980,56200,55620,7890000.0,0.0123,2540.51,2546.61,2553.22,2535.19,485670.0,0.0039000000000000003
2017-11-23,55300,55960,55980,55020,6210000.0,-0.0118,2537.15,2542.34,2544.58,2532.45,391290.0,-0.0013
2017-11-24,55460,55300,55500,55180,4420000.0,0.0029,2544.33,2539.79,2544.33,2533.98,297940.0,0.0028000000000000004
2017-11-27,52640,55360,55360,52640,18090000.0,-0.0508,2507.81,2544.74,2546.71,2506.69,284890.0,-0.0144
2017-11-28,53280,52700,53280,51720,13390000.0,0.012199999999999999,2514.19,2512.52,2521.06,2500.93,348240.0,0.0025
2017-11-29,52600,53200,53240,52500,9580000.0,-0.0128,2512.9,2517.26,2524.41,2508.66,301210.0,-0.0005
2017-11-30,50800,50800,51860,50200,28090000.0,-0.0342,2476.37,2502.22,2506.32,2474.28,339020.0,-0.014499999999999999
2017-12-01,50840,50800,51780,50800,12460000.0,0.0008,2475.41,2488.92,2488.92,2472.75,288570.0,-0.0004
2017-12-04,51340,50840,51340,50020,13620000.0,0.0098,2501.67,2486.72,2501.67,2476.29,323850.0,0.0106
2017-12-05,51260,50600,51300,50280,9200000.0,-0.0016,2510.12,2490.73,2513.68,2487.15,395430.0,0.0034000000000000002
2017-12-06,50020,51260,51560,50020,10830000.0,-0.0242,2474.37,2510.19,2510.47,2474.29,507620.0,-0.014199999999999999
2017-12-07,50740,50040,50980,50020,11030000.0,0.0144,2461.98,2479.55,2480.85,2452.4,404850.0,-0.005
2017-12-08,52000,51360,52000,51040,10660000.0,0.0248,2464.0,2470.09,2473.17,2459.02,406380.0,0.0008
2017-12-11,51780,52000,52040,51500,8000000.0,-0.0042,2471.49,2467.81,2471.99,2457.98,240140.0,0.003
2017-12-12,52100,51820,52100,51660,8050000.000000001,0.0062,2461.0,2471.23,2471.43,2455.39,281190.0,-0.0042
2017-12-13,51320,52100,52100,51100,11080000.0,-0.015,2480.55,2462.42,2481.92,2457.7,254950.0,0.0079
2017-12-14,51060,51320,52280,51060,19980000.0,-0.0051,2469.48,2486.57,2514.61,2469.48,317790.0,-0.0045000000000000005
2017-12-15,50620,51240,51480,50520,14850000.0,-0.0086,2482.07,2488.39,2495.08,2475.99,340760.0,0.0051
2017-12-18,51200,50620,51240,50620,7190000.0,0.0115,2481.88,2488.83,2488.83,2477.29,322770.0,-0.0001
2017-12-19,51560,51540,52080,51520,10510000.0,0.006999999999999999,2478.53,2487.83,2498.67,2470.49,308390.0,-0.0013
2017-12-20,50880,51500,51760,50820,10070000.0,-0.0132,2472.37,2473.82,2484.5,2470.62,236180.0,-0.0025
2017-12-21,49140,51000,51060,49100,15310000.0,-0.0342,2429.83,2471.34,2471.73,2429.83,247330.0,-0.0172
2017-12-22,49700,49400,49960,49240,11170000.0,0.011399999999999999,2440.54,2437.59,2444.57,2426.94,230410.0,0.0044
2017-12-26,48200,49760,50100,48200,15910000.0,-0.0302,2427.34,2447.67,2457.19,2427.34,224640.0,-0.0054
2017-12-28,50960,49560,50960,49500,8880000.0,0.057300000000000004,2467.49,2439.31,2467.51,2437.26,220340.0,0.0126
2018-01-02,51020,51380,51400,50780,8460000.0,0.0012,2479.65,2474.86,2481.02,2465.94,262210.0,0.0049
2018-01-03,51620,52540,52560,51420,9920000.0,0.0118,2486.35,2484.63,2493.4,2481.91,331090.0,0.0027
2018-01-04,51080,52120,52180,50640,11640000.0,-0.0105,2466.46,2502.5,2502.5,2466.45,333840.0,-0.008
2018-01-05,52120,51300,52120,51200,9330000.0,0.0204,2497.52,2476.85,2497.52,2475.51,308770.0,0.0126
2018-01-08,52020,52400,52520,51500,8359999.999999999,-0.0019,2513.28,2510.7,2515.37,2494.18,311430.0,0.0063
2018-01-09,50400,51460,51720,49980,17830000.0,-0.0311,2510.23,2510.73,2524.73,2498.41,374320.0,-0.0012
2018-01-10,48840,50500,50520,48640,18530000.0,-0.031,2499.75,2516.33,2516.82,2493.98,444020.0,-0.0042
2018-01-11,48240,48200,49260,48020,23950000.0,-0.0123,2487.91,2496.86,2502.52,2483.82,444340.0,-0.004699999999999999
2018-01-12,48200,48240,48480,46760,26770000.0,-0.0008,2496.42,2499.87,2500.87,2482.15,438780.0,0.0034000000000000002
2018-01-15,48540,48800,48980,47920,10080000.0,0.0070999999999999995,2503.73,2510.97,2513.3,2496.18,404550.0,0.0029
2018-01-16,50000,48760,50140,48620,13200000.0,0.0301,2521.74,2504.16,2524.55,2498.55,341610000.0,0.0072
2018-01-17,49620,50020,50020,49060,10570000.0,-0.0076,2515.43,2517.19,2521.97,2506.49,336710000.0,-0.0025
2018-01-18,49900,50020,50640,49820,14560000.0,0.005600000000000001,2515.81,2527.67,2532.08,2512.69,333110000.0,0.0002
2018-01-19,49320,50380,50380,49040,9040000.0,-0.0116,2520.26,2519.67,2524.33,2513.09,351840000.0,0.0018
2018-01-22,48240,48640,48680,47960,12310000.0,-0.0219,2502.11,2516.9,2517.12,2488.44,342990000.0,-0.0072
2018-01-23,49160,48660,49160,48300,12860000.0,0.0191,2536.6,2510.35,2536.6,2507.96,370010000.0,0.0138
2018-01-24,49340,48860,49700,48560,9170000.0,0.0037,2538.0,2533.86,2547.22,2531.31,371090000.0,0.0006
2018-01-25,50260,49220,50360,49160,10990000.0,0.018600000000000002,2562.23,2536.96,2564.43,2536.73,514600000.0,0.0095
2018-01-26,50780,50500,50780,49840,10340000.0,0.0103,2574.76,2560.69,2574.76,2553.53,400650000.0,0.0049
2018-01-29,51220,51200,51480,50900,11640000.0,0.0087,2598.19,2588.87,2607.1,2587.55,437470000.0,0.0091
2018-01-30,49800,50440,50640,49780,12200000.0,-0.0277,2567.74,2590.41,2599.17,2567.07,397040000.0,-0.011699999999999999
2018-01-31,49900,50020,54140,49600,64190000.0,0.002,2566.46,2557.37,2597.14,2553.01,403050000.0,-0.0005
2018-02-01,49820,50620,50960,49720,25790000.0,-0.0016,2568.54,2578.91,2583.74,2564.59,595150000.0,0.0008
2018-02-02,47700,49380,49400,47700,27890000.0,-0.0426,2525.39,2565.99,2565.99,2519.6,481820000.0,-0.0168
2018-02-05,47920,46500,48320,46000,25870000.0,0.0046,2491.75,2487.34,2503.99,2476.24,442350000.0,-0.013300000000000001
2018-02-06,47420,46600,47920,46580,18250000.0,-0.0104,2453.31,2437.02,2460.28,2409.38,582840000.0,-0.0154
2018-02-07,45800,48240,48260,45800,23370000.0,-0.0342,2396.56,2483.72,2484.18,2396.56,460080000.0,-0.0231
2018-02-08,46000,46120,46620,45980,22480000.0,0.0044,2407.62,2400.17,2423.88,2393.46,362420000.0,0.0046
2018-02-09,44700,44440,45180,44420,17400000.0,-0.028300000000000002,2363.77,2346.73,2372.9,2346.73,489110000.0,-0.0182
2018-02-12,45720,45100,46320,45040,15550000.0,0.022799999999999997,2385.38,2380.49,2397.9,2367.31,352290000.0,0.0091
2018-02-13,47540,46200,48060,46200,18750000.0,0.0398,2395.19,2402.89,2421.8,2388.54,423420000.0,0.0040999999999999995
2018-02-14,49000,48080,49100,47940,16880000.0,0.030699999999999998,2421.83,2412.47,2426.63,2408.02,305740000.0,0.0111
2018-02-19,48380,49800,49800,47860,14770000.0,-0.0127,2442.82,2452.52,2455.12,2428.15,322140000.0,0.0087
2018-02-20,47400,48040,48160,47220,10100000.0,-0.0203,2415.12,2433.35,2438.48,2411.23,421480000.0,-0.0113
2018-02-21,47280,47280,47580,46840,12810000.0,-0.0025,2429.65,2417.73,2432.45,2404.02,432280000.0,0.006
2018-02-22,46760,47260,47260,46760,8670000.0,-0.011000000000000001,2414.28,2417.18,2422.62,2405.23,349490000.0,-0.0063
2018-02-23,47220,46760,47800,46760,12090000.0,0.0098,2451.52,2427.13,2451.52,2427.13,300580000.0,0.0154
2018-02-26,47380,47280,47560,47080,8199999.999999999,0.0034000000000000002,2457.65,2465.35,2466.08,2447.86,321260000.0,0.0025
2018-02-27,47380,48360,48380,47380,9410000.0,0.0,2456.14,2474.08,2480.79,2456.14,271230000.0,-0.0006
2018-02-28,47060,47380,48100,47000,14970000.0,-0.0068000000000000005,2427.36,2447.11,2460.12,2426.21,367560000.0,-0.011699999999999999
2018-03-02,46020,46580,46800,46000,13110000.0,-0.022099999999999998,2402.16,2406.57,2410.34,2387.25,320400000.0,-0.0104
2018-03-05,45200,45820,46160,45080,13270000.0,-0.0178,2375.06,2405.92,2407.98,2374.8,312250000.0,-0.0113
2018-03-06,47020,45920,47100,45820,15120000.0,0.0403,2411.41,2400.67,2413.01,2392.87,400110000.0,0.015300000000000001
2018-03-07,48620,48200,48900,47220,21200000.0,0.034,2401.82,2413.39,2429.43,2395.24,412970000.0,-0.004
2018-03-08,49200,49200,49480,48080,19430000.0,0.011899999999999999,2433.08,2420.67,2433.08,2407.59,394850000.0,0.013000000000000001
2018-03-09,49740,49440,50540,49240,14230000.0,0.011000000000000001,2459.45,2443.43,2476.43,2436.03,437260000.0,0.0108
2018-03-12,49740,50560,50780,49580,8640000.0,0.0,2484.12,2485.64,2489.46,2474.91,391300000.0,0.01
2018-03-13,51660,50760,51660,50360,20060000.0,0.038599999999999995,2494.49,2483.05,2494.49,2478.76,350200000.0,0.0042
2018-03-14,51760,51020,52000,51000,12510000.0,0.0019,2486.08,2477.43,2486.98,2474.77,360860000.0,-0.0034000000000000002
2018-03-15,51540,52000,52020,51020,8640000.0,-0.0043,2492.38,2486.0,2496.51,2471.04,344010000.0,0.0025
2018-03-16,51140,51220,51420,50240,12110000.0,-0.0078000000000000005,2493.97,2495.11,2497.8,2476.88,377770000.0,0.0006
2018-03-19,50740,50620,51340,50440,8210000.000000001,-0.0078000000000000005,2475.03,2491.99,2493.56,2470.91,477220000.0,-0.0076
2018-03-20,51200,50700,51200,50100,8080000.0,0.0091,2485.52,2456.8,2485.52,2456.8,291500000.0,0.0042
2018-03-21,51060,51780,51780,51060,8330000.0,-0.0027,2484.97,2488.22,2492.88,2483.78,399070000.0,-0.0002
2018-03-22,51780,51060,51780,51040,8279999.999999999,0.0141,2496.02,2494.84,2508.71,2485.34,482140000.0,0.0044
2018-03-23,49720,50340,50720,49600,14660000.0,-0.0398,2416.76,2446.73,2450.4,2412.62,457950000.0,-0.0318
2018-03-26,50280,49420,50280,49040,10040000.0,0.0113,2437.08,2414.68,2437.08,2399.44,306900000.0,0.0084
2018-03-27,49980,50320,50460,49080,11840000.0,-0.006,2452.06,2455.0,2456.55,2444.92,332130000.0,0.0060999999999999995
2018-03-28,48700,49100,49100,48340,15060000.0,-0.0256,2419.29,2425.94,2430.77,2409.47,501310000.0,-0.0134
2018-03-29,49040,48700,49560,48320,9690000.0,0.006999999999999999,2436.37,2421.7,2439.47,2413.71,333360000.0,0.0070999999999999995
2018-03-30,49220,49080,49900,49080,7750000.0,0.0037,2445.85,2454.1,2458.24,2445.72,395330000.0,0.0039000000000000003
2018-04-02,48540,49000,49220,48500,7100000.0,-0.0138,2444.16,2454.72,2467.52,2440.89,390320000.0,-0.0007000000000000001
2018-04-03,48120,47880,48140,47280,12690000.0,-0.0087,2442.43,2422.26,2442.43,2416.44,497140000.0,-0.0007000000000000001
2018-04-04,46920,48160,48260,46920,12310000.0,-0.024900000000000002,2408.06,2447.97,2447.97,2405.91,551700000.0,-0.0141
2018-04-05,48740,47400,49380,47340,13240000.0,0.0388,2437.52,2426.92,2446.78,2420.92,591040000.0,0.012199999999999999
2018-04-06,48400,48000,48580,47400,10950000.0,-0.006999999999999999,2429.58,2420.88,2433.97,2417.24,454310000.0,-0.0033
2018-04-09,49200,48260,49440,48200,9880000.0,0.0165,2444.08,2424.15,2446.28,2424.15,334420000.0,0.006
2018-04-10,48880,48540,49220,48040,10930000.0,-0.006500000000000001,2450.74,2439.94,2454.36,2419.55,356390000.0,0.0027
2018-04-11,48860,49900,49900,48600,10030000.0,-0.0004,2444.22,2456.53,2458.99,2441.2,355190000.0,-0.0027
2018-04-12,49000,49440,49440,48880,12450000.0,0.0029,2442.71,2450.95,2454.95,2441.58,441570000.0,-0.0006
2018-04-13,49800,49600,50180,49400,10260000.0,0.0163,2455.07,2449.42,2457.85,2442.35,395890000.0,0.0051
2018-04-16,50340,50320,50600,49860,7690000.0,0.0108,2457.49,2466.04,2466.16,2449.97,347170000.0,0.001
2018-04-17,49980,50240,50540,49820,7760000.0,-0.0072,2453.77,2459.39,2465.63,2449.08,394700000.0,-0.0015
2018-04-18,51360,51000,51360,50580,13440000.0,0.0276,2479.98,2467.55,2486.73,2467.55,647280000.0,0.010700000000000001
2018-04-19,52780,52000,52980,51540,17130000.0,0.0276,2486.1,2483.26,2490.57,2476.51,727030000.0,0.0025
2018-04-20,51620,51800,52260,51420,11650000.0,-0.022000000000000002,2476.33,2478.59,2485.15,2472.37,531720000.0,-0.0039000000000000003
2018-04-23,51900,51000,52080,51000,8850000.0,0.0054,2474.11,2473.7,2478.57,2466.57,701420000.0,-0.0009
2018-04-24,50460,51840,51860,50080,15700000.0,-0.0277,2464.14,2478.47,2479.32,2454.44,524280000.0,-0.004
2018-04-25,50400,49220,50500,49220,16550000.0,-0.0012,2448.81,2444.19,2453.54,2436.51,466100000.0,-0.0062
2018-04-26,52140,50420,52160,50400,17920000.0,0.0345,2475.64,2460.62,2484.09,2456.2,520919999.99999994,0.011000000000000001
2018-04-27,53000,53380,53640,52440,28280000.0,0.0165,2492.4,2497.75,2508.13,2484.19,464960000.0,0.0068000000000000005
2018-05-04,51900,53000,53900,51800,39420000.0,-0.0208,2461.38,2486.47,2487.77,2461.38,612020.0,-0.0104
2018-05-08,52600,52600,53200,51900,22960000.0,0.013500000000000002,2449.81,2468.45,2479.75,2444.08,714730.0,-0.004699999999999999
2018-05-09,50900,52600,52800,50900,15960000.0,-0.0323,2443.98,2450.71,2451.86,2428.79,593370.0,-0.0024
2018-05-10,51600,51700,51700,50600,13760000.0,0.0138,2464.16,2458.67,2464.72,2448.01,490000000.0,0.0083
2018-05-11,51300,52000,52200,51200,10140000.0,-0.0058,2477.71,2469.3,2483.85,2468.41,599900000.0,0.0055000000000000005
2018-05-14,50100,51000,51100,49900,14840000.0,-0.023399999999999997,2476.11,2482.97,2486.17,2471.91,650710000.0,-0.0006
2018-05-15,49200,50200,50400,49100,17010000.0,-0.018000000000000002,2458.54,2476.87,2480.22,2456.2,712620000.0,-0.0070999999999999995
2018-05-16,49850,49200,50200,49150,15240000.0,0.0132,2459.82,2446.64,2465.55,2444.67,691810000.0,0.0005
2018-05-17,49400,50300,50500,49400,10300000.0,-0.009000000000000001,2448.45,2468.72,2472.82,2448.43,596770000.0,-0.0046
2018-05-18,49500,49900,49900,49350,6640000.0,0.002,2460.65,2459.73,2461.95,2452.34,431380000.0,0.005
2018-05-21,50000,49650,50200,49100,8620000.0,0.0101,2465.57,2464.07,2472.3,2447.69,588090000.0,0.002
2018-05-23,51800,50600,52000,50400,17000000.0,0.036000000000000004,2471.91,2462.98,2476.86,2460.07,752680000.0,0.0026
2018-05-24,51400,52000,52000,51100,8180000.0,-0.0077,2466.01,2477.48,2481.31,2457.84,638120000.0,-0.0024
2018-05-25,52700,51000,52800,50800,15170000.0,0.0253,2460.8,2452.8,2466.57,2444.77,653590000.0,-0.0021
2018-05-28,52300,52500,53000,52000,9750000.0,-0.0076,2478.96,2465.0,2482.4,2463.14,708360000.0,0.0074
2018-05-29,51300,52200,52500,51300,8430000.0,-0.0191,2457.25,2476.7,2479.68,2457.18,571840000.0,-0.0088
2018-05-30,49500,51300,51500,49100,20200000.0,-0.0351,2409.03,2446.81,2449.88,2399.58,575920000.0,-0.0196
2018-05-31,50700,50400,50800,49850,35940000.0,0.0242,2423.01,2428.83,2430.15,2415.5,816930000.0,0.0058
2018-06-01,51300,50500,51700,49950,12440000.0,0.0118,2438.96,2419.63,2445.31,2418.11,603020000.0,0.0066
2018-06-04,51100,50800,51200,50700,9290000.0,-0.0039000000000000003,2447.76,2444.62,2452.67,2441.25,438930000.0,0.0036
2018-06-05,51300,51100,51400,50400,8860000.0,0.0039000000000000003,2453.76,2450.39,2455.78,2432.81,501360000.0,0.0025
2018-06-07,50600,51800,51800,50500,13170000.0,-0.013600000000000001,2470.58,2468.26,2478.67,2466.01,474150000.0,0.0069
2018-06-08,49650,50200,50400,49600,16579999.999999998,-0.018799999999999997,2451.58,2467.88,2468.27,2449.11,530159999.99999994,-0.0077
2018-06-11,49900,49750,50300,49350,10500000.0,0.005,2470.15,2454.25,2470.99,2448.0,427950000.0,0.0076
2018-06-12,49400,49700,49800,49250,11430000.0,-0.01,2468.83,2474.78,2479.56,2462.84,613170000.0,-0.0005
2018-06-14,48200,49000,49000,48200,19000000.0,-0.024300000000000002,2423.48,2450.86,2451.95,2422.37,533450000.00000006,-0.0184
2018-06-15,47650,48500,48700,47650,16840000.0,-0.011399999999999999,2404.04,2432.18,2433.51,2403.97,502360000.0,-0.008
2018-06-18,46600,47600,47650,46200,16620000.000000002,-0.022000000000000002,2376.24,2404.68,2405.56,2365.31,564820000.0,-0.0116
2018-06-19,47000,47200,47350,46500,15170000.0,0.0086,2340.11,2373.12,2379.49,2336.54,606300000.0,-0.0152
2018-06-20,47000,47450,47600,46850,11310000.0,0.0,2363.91,2350.24,2374.52,2345.22,456000000.0,0.0102
2018-06-21,47050,47900,47900,47050,9980000.0,0.0011,2337.83,2364.16,2370.58,2337.83,438260000.0,-0.011000000000000001
2018-06-22,47250,47000,47250,46200,10250000.0,0.0043,2357.22,2323.08,2357.4,2320.76,537260000.0,0.0083
2018-06-25,46650,47050,47050,46150,9520000.0,-0.0127,2357.88,2351.89,2361.39,2337.22,415080000.0,0.0003
2018-06-26,47000,45900,47300,45900,11140000.0,0.0075,2350.92,2334.75,2358.01,2326.61,470910000.0,-0.003
2018-06-27,47950,47450,48500,47000,15090000.0,0.0202,2342.03,2349.38,2358.71,2342.02,526620000.0,-0.0038
2018-06-28,46800,46850,47150,46600,12080000.0,-0.024,2314.24,2327.37,2335.35,2310.8,414370000.0,-0.011899999999999999
2018-06-29,46650,46250,47150,46200,13690000.0,-0.0032,2326.13,2325.68,2329.58,2296.39,396660000.0,0.0051
2018-07-02,45550,46500,47150,45500,12750000.0,-0.0236,2271.54,2322.23,2327.59,2271.53,393260000.0,-0.0235
2018-07-03,46150,45750,46450,45750,10430000.0,0.0132,2272.76,2285.88,2287.39,2252.36,366030000.0,0.0005
2018-07-04,46250,46700,47050,46050,8130000.000000001,0.0022,2265.46,2270.95,2280.81,2261.34,315100000.0,-0.0032
2018-07-05,45950,46100,46550,45600,6910000.0,-0.006500000000000001,2257.55,2264.74,2274.74,2243.9,346880000.0,-0.0034999999999999996
2018-07-06,44900,45500,45850,44650,17780000.0,-0.0229,2272.87,2261.44,2283.75,2247.35,344430000.0,0.0068000000000000005
2018-07-09,45600,45500,46100,45200,11590000.0,0.015600000000000001,2285.8,2276.92,2294.61,2267.25,352640000.0,0.005699999999999999
2018-07-10,46300,46200,46550,46100,9270000.0,0.0154,2294.16,2299.09,2305.84,2292.13,339920000.0,0.0037
2018-07-11,46000,46400,46450,45400,10820000.0,-0.006500000000000001,2280.62,2277.22,2287.08,2262.77,422990000.0,-0.0059
2018-07-12,45500,45900,46250,45450,11780000.0,-0.0109,2285.06,2285.93,2298.56,2277.73,364410000.0,0.0019
2018-07-13,46500,45800,46500,45750,10960000.0,0.022000000000000002,2310.9,2293.07,2313.8,2293.07,291560000.0,0.0113
2018-07-16,46050,46800,46800,46000,7540000.0,-0.0097,2301.99,2312.26,2317.84,2299.79,297120000.0,-0.0039000000000000003
2018-07-17,45850,46150,46200,45600,8760000.0,-0.0043,2297.92,2302.95,2306.07,2290.24,379030000.0,-0.0018
2018-07-18,46550,46700,47200,46450,10880000.0,0.015300000000000001,2290.11,2313.78,2319.39,2287.1,402770000.0,-0.0034000000000000002
2018-07-19,46900,47050,47200,46600,9700000.0,0.0075,2282.29,2298.91,2300.18,2278.94,464520000.0,-0.0034000000000000002
2018-07-20,47450,47000,47600,46700,10230000.0,0.011699999999999999,2289.19,2281.36,2293.34,2269.55,353240000.0,0.003
2018-07-23,46500,47100,47200,46150,10810000.0,-0.02,2269.31,2289.61,2289.61,2264.42,334290000.0,-0.0087
2018-07-24,46150,46350,46600,45950,7920000.0,-0.0075,2280.2,2273.15,2284.43,2263.13,436130000.0,0.0048
2018-07-25,46150,46250,46550,45900,7210000.0,0.0,2273.03,2284.38,2292.61,2269.67,309320000.0,-0.0031
2018-07-26,46900,46100,47000,46000,7340000.0,0.0163,2289.06,2284.51,2297.16,2276.54,303330000.0,0.0070999999999999995
2018-07-27,46900,46450,47000,46450,4750000.0,0.0,2294.99,2292.33,2295.27,2284.44,262140000.0,0.0026
2018-07-30,46500,46550,46800,46350,5520000.0,-0.0085,2293.51,2290.18,2296.91,2283.29,206500000.0,-0.0006
2018-07-31,46250,46200,46450,46000,7590000.0,-0.0054,2295.26,2292.23,2296.6,2286.02,223930000.0,0.0008
2018-08-01,46550,46050,46850,46050,7090000.0,0.006500000000000001,2307.07,2301.17,2312.65,2301.13,219030000.0,0.0051
2018-08-02,45550,46550,46800,45500,7930000.0,-0.0215,2270.2,2304.14,2306.72,2265.46,352060000.0,-0.016
2018-08-03,45750,45850,45900,45450,7440000.0,0.0044,2287.68,2278.33,2288.93,2272.94,270490000.0,0.0077
2018-08-06,45800,46150,46150,45750,6700000.0,0.0011,2286.5,2288.51,2300.38,2283.26,244550000.0,-0.0005
2018-08-07,46700,46300,46750,45900,9020000.0,0.0197,2300.16,2290.85,2301.27,2279.55,230340000.0,0.006
2018-08-08,46800,47000,47000,46550,6370000.0,0.0021,2301.45,2305.73,2308.6,2298.41,299690000.0,0.0006
2018-08-09,46900,47000,47050,46450,11400000.0,0.0021,2303.71,2303.04,2303.71,2291.91,244880000.0,0.001
2018-08-10,45400,46150,46400,44850,16530000.000000002,-0.032,2282.79,2295.21,2295.62,2277.89,286160000.0,-0.0091
2018-08-13,45050,44950,45100,44650,9780000.0,-0.0077,2248.45,2266.43,2271.82,2238.55,335380000.0,-0.015
2018-08-14,45150,44850,45400,44850,6370000.0,0.0022,2258.91,2249.86,2262.52,2247.37,255220000.0,0.004699999999999999
2018-08-16,44250,43800,44650,43700,10070000.0,-0.0199,2240.8,2233.05,2244.08,2218.09,312520000.0,-0.008
2018-08-17,44100,44050,44400,44050,6540000.0,-0.0034000000000000002,2247.05,2244.61,2250.92,2240.14,238380000.0,0.0028000000000000004
2018-08-20,43850,43500,44200,43500,7200000.0,-0.005699999999999999,2247.88,2257.35,2264.42,2245.06,271600000.0,0.0004
2018-08-21,44800,43700,44900,43700,9470000.0,0.0217,2270.06,2248.04,2272.86,2244.59,294340000.0,0.009899999999999999
2018-08-22,46100,45150,46200,44900,11630000.0,0.028999999999999998,2273.33,2273.68,2280.31,2268.91,269270000.0,0.0014000000000000002
2018-08-23,46200,46150,46200,45700,6600000.0,0.0022,2282.6,2282.57,2282.88,2268.06,338390000.0,0.0040999999999999995
2018-08-24,46150,45900,46400,45550,6440000.0,-0.0011,2293.21,2276.16,2295.22,2271.35,347290000.0,0.0046
2018-08-27,46300,46100,46550,46000,5110000.0,0.0033,2299.3,2297.32,2302.87,2289.41,307040000.0,0.0027
2018-08-28,46550,46800,46950,46300,7230000.0,0.0054,2303.12,2312.14,2314.6,2299.45,276890000.0,0.0017000000000000001
2018-08-29,46800,46750,46800,46400,5500000.0,0.0054,2309.03,2304.66,2309.88,2300.21,268209999.99999997,0.0026
2018-08-30,47650,46950,47950,46700,12160000.0,0.0182,2307.35,2313.11,2320.85,2305.46,286930000.0,-0.0007000000000000001
2018-08-31,48450,47100,48450,47000,13510000.0,0.0168,2322.88,2298.13,2322.88,2295.72,255910000.0,0.0067
2018-09-03,47450,48200,48300,47300,7910000.0,-0.0206,2307.03,2317.93,2318.72,2302.17,230510000.0,-0.0068000000000000005
2018-09-04,47650,47550,47800,47200,6610000.0,0.0042,2315.72,2308.96,2317.74,2302.17,277010000.0,0.0038
2018-09-05,46600,47300,47450,46400,9100000.0,-0.022000000000000002,2291.77,2310.9,2315.43,2288.01,358190000.0,-0.0103
2018-09-06,46100,46200,46400,45800,8570000.0,-0.010700000000000001,2287.61,2288.8,2298.47,2284.5,387510000.0,-0.0018
2018-09-07,44900,44500,45200,44400,17730000.0,-0.026000000000000002,2281.58,2278.08,2286.82,2264.9,357560000.0,-0.0026
2018-09-10,45500,45450,45550,45000,7870000.0,0.0134,2288.66,2277.35,2289.38,2276.6,312610000.0,0.0031
2018-09-11,45050,45550,45900,45050,7810000.0,-0.009899999999999999,2283.2,2286.91,2295.76,2275.13,368210000.0,-0.0024
2018-09-12,44550,44900,45100,44500,11170000.0,-0.0111,2282.92,2286.28,2289.66,2271.0,336830000.0,-0.0001
2018-09-13,44050,44550,44750,44000,17930000.0,-0.011200000000000002,2286.23,2285.28,2291.51,2281.63,301310000.0,0.0014000000000000002
2018-09-14,45850,45000,45850,44900,12030000.0,0.0409,2318.25,2304.7,2318.65,2304.15,292240000.0,0.013999999999999999
2018-09-17,45150,45550,45800,44900,8100000.0,-0.015300000000000001,2303.01,2314.55,2314.55,2295.26,343170000.0,-0.0066
2018-09-18,45500,44950,45900,44700,8970000.0,0.0078000000000000005,2308.98,2287.73,2310.97,2287.42,309240000.0,0.0026
2018-09-19,46150,46000,46200,45700,9260000.0,0.0143,2308.46,2319.22,2319.22,2301.79,350950000.0,-0.0002
2018-09-20,47250,46850,47600,46400,13400000.0,0.023799999999999998,2323.45,2314.41,2334.04,2311.56,289080000.0,0.006500000000000001
2018-09-21,47400,46550,47550,46550,14390000.0,0.0032,2339.17,2332.04,2339.17,2325.12,321700000.0,0.0068000000000000005
2018-09-27,47500,46950,47500,46450,15260000.0,0.0021,2355.43,2331.7,2355.43,2331.7,279230000.0,0.006999999999999999
2018-09-28,46450,47250,47250,46300,10810000.0,-0.022099999999999998,2343.07,2356.13,2356.62,2337.47,317870000.0,-0.0052
2018-10-01,46400,46600,46700,45800,5760000.0,-0.0011,2339.33,2349.64,2352.11,2333.32,265660.0,-0.0016
